frame_number,timestamp,rep_count,state,angle,pose_detected
0,2025-11-02 18:52:04.980,0,down,34.39,True
1,2025-11-02 18:52:05.278,0,down,40.90,True
2,2025-11-02 18:52:05.313,0,down,36.49,True
3,2025-11-02 18:52:05.348,0,down,5.40,True
4,2025-11-02 18:52:05.382,0,down,7.17,True
5,2025-11-02 18:52:05.415,0,down,21.39,True
6,2025-11-02 18:52:05.447,0,down,14.02,True
7,2025-11-02 18:52:05.479,0,down,11.15,True
8,2025-11-02 18:52:05.512,0,down,12.60,True
9,2025-11-02 18:52:05.543,0,down,1.40,True
10,2025-11-02 18:52:05.571,0,down,9.39,True
11,2025-11-02 18:52:05.606,0,down,8.26,True
12,2025-11-02 18:52:05.657,0,down,11.75,True
13,2025-11-02 18:52:05.710,0,down,7.30,True
14,2025-11-02 18:52:05.756,0,down,13.72,True
15,2025-11-02 18:52:05.811,0,down,5.56,True
16,2025-11-02 18:52:05.857,0,down,7.88,True
17,2025-11-02 18:52:05.909,0,down,3.70,True
18,2025-11-02 18:52:05.957,0,down,13.67,True
19,2025-11-02 18:52:06.009,0,down,65.23,True
20,2025-11-02 18:52:06.060,0,down,52.22,True
21,2025-11-02 18:52:06.109,0,down,12.10,True
22,2025-11-02 18:52:06.160,0,down,123.92,True
23,2025-11-02 18:52:06.210,0,up,175.19,True
24,2025-11-02 18:52:06.261,0,up,179.38,True
25,2025-11-02 18:52:06.314,0,up,176.39,True
26,2025-11-02 18:52:06.362,0,up,175.20,True
27,2025-11-02 18:52:06.413,0,up,174.89,True
28,2025-11-02 18:52:06.461,0,up,176.29,True
29,2025-11-02 18:52:06.514,0,up,177.15,True
30,2025-11-02 18:52:06.561,0,up,178.52,True
31,2025-11-02 18:52:06.612,0,up,179.57,True
32,2025-11-02 18:52:06.665,0,up,177.97,True
33,2025-11-02 18:52:06.713,0,up,176.16,True
34,2025-11-02 18:52:06.765,0,up,176.96,True
35,2025-11-02 18:52:06.812,0,up,174.14,True
36,2025-11-02 18:52:06.865,0,up,173.24,True
37,2025-11-02 18:52:06.913,0,up,173.31,True
38,2025-11-02 18:52:06.966,0,up,175.06,True
39,2025-11-02 18:52:07.016,0,up,177.93,True
40,2025-11-02 18:52:07.065,0,up,178.92,True
41,2025-11-02 18:52:07.117,0,up,175.39,True
42,2025-11-02 18:52:07.165,0,up,174.63,True
43,2025-11-02 18:52:07.217,0,up,171.14,True
44,2025-11-02 18:52:07.271,0,up,169.72,True
45,2025-11-02 18:52:07.317,0,up,172.05,True
46,2025-11-02 18:52:07.369,0,up,174.75,True
47,2025-11-02 18:52:07.417,0,up,175.56,True
48,2025-11-02 18:52:07.468,0,up,173.55,True
49,2025-11-02 18:52:07.517,0,up,173.64,True
50,2025-11-02 18:52:07.569,0,up,172.17,True
51,2025-11-02 18:52:07.621,0,up,171.52,True
52,2025-11-02 18:52:07.669,0,up,172.88,True
53,2025-11-02 18:52:07.722,0,up,175.92,True
54,2025-11-02 18:52:07.769,0,up,176.12,True
55,2025-11-02 18:52:07.821,0,up,177.50,True
56,2025-11-02 18:52:07.874,0,up,177.51,True
57,2025-11-02 18:52:07.920,0,up,178.00,True
58,2025-11-02 18:52:07.973,0,up,177.85,True
59,2025-11-02 18:52:08.021,0,up,177.20,True
60,2025-11-02 18:52:08.073,0,up,175.52,True
61,2025-11-02 18:52:08.120,0,up,173.37,True
62,2025-11-02 18:52:08.173,0,up,173.19,True
63,2025-11-02 18:52:08.225,0,up,173.41,True
64,2025-11-02 18:52:08.273,0,up,175.17,True
65,2025-11-02 18:52:08.325,0,up,173.42,True
66,2025-11-02 18:52:08.374,0,up,174.60,True
67,2025-11-02 18:52:08.425,0,up,176.07,True
68,2025-11-02 18:52:08.473,0,up,178.10,True
69,2025-11-02 18:52:08.525,0,up,178.79,True
70,2025-11-02 18:52:08.578,0,up,179.44,True
71,2025-11-02 18:52:08.624,0,up,178.96,True
72,2025-11-02 18:52:08.677,0,up,178.67,True
73,2025-11-02 18:52:08.724,0,up,179.11,True
74,2025-11-02 18:52:08.777,0,up,179.56,True
75,2025-11-02 18:52:08.830,0,up,179.46,True
76,2025-11-02 18:52:08.877,0,up,179.35,True
77,2025-11-02 18:52:08.929,0,up,179.78,True
78,2025-11-02 18:52:08.976,0,up,179.71,True
79,2025-11-02 18:52:09.030,0,up,179.93,True
80,2025-11-02 18:52:09.077,0,up,179.38,True
81,2025-11-02 18:52:09.128,0,up,179.86,True
82,2025-11-02 18:52:09.181,0,up,179.07,True
83,2025-11-02 18:52:09.229,0,up,178.88,True
84,2025-11-02 18:52:09.282,0,up,178.62,True
85,2025-11-02 18:52:09.328,0,up,178.95,True
86,2025-11-02 18:52:09.383,0,up,179.46,True
87,2025-11-02 18:52:09.433,0,up,179.84,True
88,2025-11-02 18:52:09.481,0,up,179.17,True
89,2025-11-02 18:52:09.533,0,up,178.56,True
90,2025-11-02 18:52:09.581,0,up,178.09,True
91,2025-11-02 18:52:09.634,0,up,177.70,True
92,2025-11-02 18:52:09.681,0,up,177.43,True
93,2025-11-02 18:52:09.733,0,up,178.39,True
94,2025-11-02 18:52:09.785,0,up,179.00,True
95,2025-11-02 18:52:09.833,0,up,179.08,True
96,2025-11-02 18:52:09.886,0,up,179.14,True
97,2025-11-02 18:52:09.933,0,up,178.76,True
98,2025-11-02 18:52:09.986,0,up,179.22,True
99,2025-11-02 18:52:10.034,0,up,179.49,True
100,2025-11-02 18:52:10.083,0,up,179.51,True
101,2025-11-02 18:52:10.136,0,up,179.70,True
102,2025-11-02 18:52:10.182,0,up,179.60,True
103,2025-11-02 18:52:10.234,0,up,178.95,True
104,2025-11-02 18:52:10.283,0,up,178.38,True
105,2025-11-02 18:52:10.336,0,up,178.69,True
106,2025-11-02 18:52:10.387,0,up,176.88,True
107,2025-11-02 18:52:10.434,0,up,176.66,True
108,2025-11-02 18:52:10.489,0,up,177.00,True
109,2025-11-02 18:52:10.537,0,up,178.06,True
110,2025-11-02 18:52:10.589,0,up,176.77,True
111,2025-11-02 18:52:10.634,0,up,175.95,True
112,2025-11-02 18:52:10.689,0,up,175.02,True
113,2025-11-02 18:52:10.742,0,up,174.99,True
114,2025-11-02 18:52:10.789,0,up,173.27,True
115,2025-11-02 18:52:10.841,0,up,172.66,True
116,2025-11-02 18:52:10.888,0,up,170.75,True
117,2025-11-02 18:52:10.941,0,up,168.64,True
118,2025-11-02 18:52:10.992,0,up,166.41,True
119,2025-11-02 18:52:11.041,0,up,164.33,True
120,2025-11-02 18:52:11.092,0,up,164.72,True
121,2025-11-02 18:52:11.142,0,up,164.94,True
122,2025-11-02 18:52:11.193,0,up,162.52,True
123,2025-11-02 18:52:11.243,0,up,163.44,True
124,2025-11-02 18:52:11.292,0,up,163.92,True
125,2025-11-02 18:52:11.344,0,up,161.89,True
126,2025-11-02 18:52:11.393,0,up,155.75,True
127,2025-11-02 18:52:11.445,0,up,152.27,True
128,2025-11-02 18:52:11.492,0,up,153.54,True
129,2025-11-02 18:52:11.544,0,up,157.38,True
130,2025-11-02 18:52:11.594,0,up,157.48,True
131,2025-11-02 18:52:11.645,0,up,163.97,True
132,2025-11-02 18:52:11.699,0,up,157.28,True
133,2025-11-02 18:52:11.745,0,up,154.67,True
134,2025-11-02 18:52:11.797,0,up,156.12,True
135,2025-11-02 18:52:11.845,0,up,157.44,True
136,2025-11-02 18:52:11.897,0,up,157.86,True
137,2025-11-02 18:52:11.948,0,up,157.08,True
138,2025-11-02 18:52:11.997,0,up,164.90,True
139,2025-11-02 18:52:12.048,0,up,175.27,True
140,2025-11-02 18:52:12.096,0,up,174.62,True
141,2025-11-02 18:52:12.149,0,up,168.03,True
142,2025-11-02 18:52:12.197,0,up,162.16,True
143,2025-11-02 18:52:12.249,0,up,158.33,True
144,2025-11-02 18:52:12.300,0,up,157.03,True
145,2025-11-02 18:52:12.349,0,up,166.02,True
146,2025-11-02 18:52:12.400,0,up,168.40,True
147,2025-11-02 18:52:12.449,0,up,166.86,True
148,2025-11-02 18:52:12.500,0,up,165.19,True
149,2025-11-02 18:52:12.552,0,up,146.01,True
150,2025-11-02 18:52:12.600,0,up,138.74,True
151,2025-11-02 18:52:12.653,0,up,137.79,True
152,2025-11-02 18:52:12.700,0,up,134.47,True
153,2025-11-02 18:52:12.752,0,up,132.21,True
154,2025-11-02 18:52:12.802,0,up,132.65,True
155,2025-11-02 18:52:12.854,0,up,129.00,True
156,2025-11-02 18:52:12.905,0,up,115.97,True
157,2025-11-02 18:52:12.953,0,up,120.93,True
158,2025-11-02 18:52:13.005,0,up,117.12,True
159,2025-11-02 18:52:13.053,0,up,169.50,True
160,2025-11-02 18:52:13.104,0,up,159.53,True
161,2025-11-02 18:52:13.153,1,down,51.43,True
162,2025-11-02 18:52:13.205,1,down,97.11,True
163,2025-11-02 18:52:13.257,1,down,134.07,True
164,2025-11-02 18:52:13.304,1,down,157.52,True
165,2025-11-02 18:52:13.356,1,down,112.32,True
166,2025-11-02 18:52:13.405,1,down,58.53,True
167,2025-11-02 18:52:13.459,1,down,57.16,True
168,2025-11-02 18:52:13.510,1,down,63.84,True
169,2025-11-02 18:52:13.556,1,down,N/A,False
170,2025-11-02 18:52:13.602,1,down,N/A,False
171,2025-11-02 18:52:13.650,1,down,N/A,False
172,2025-11-02 18:52:13.703,1,down,N/A,False
173,2025-11-02 18:52:13.750,1,down,N/A,False
174,2025-11-02 18:52:13.800,1,down,N/A,False
175,2025-11-02 18:52:13.852,1,down,N/A,False
176,2025-11-02 18:52:13.899,1,down,N/A,False
177,2025-11-02 18:52:13.953,1,down,N/A,False
178,2025-11-02 18:52:13.999,1,down,N/A,False
179,2025-11-02 18:52:14.052,1,down,N/A,False
180,2025-11-02 18:52:14.105,1,down,N/A,False
181,2025-11-02 18:52:14.153,1,down,N/A,False
182,2025-11-02 18:52:14.206,1,down,N/A,False
183,2025-11-02 18:52:14.253,1,down,N/A,False
184,2025-11-02 18:52:14.304,1,down,N/A,False
185,2025-11-02 18:52:14.353,1,down,N/A,False
186,2025-11-02 18:52:14.405,1,down,N/A,False
187,2025-11-02 18:52:14.457,1,down,N/A,False
188,2025-11-02 18:52:14.505,1,down,N/A,False
189,2025-11-02 18:52:14.557,1,down,N/A,False
190,2025-11-02 18:52:14.605,1,down,N/A,False
191,2025-11-02 18:52:14.657,1,down,N/A,False
192,2025-11-02 18:52:14.705,1,down,N/A,False
193,2025-11-02 18:52:14.756,1,down,N/A,False
194,2025-11-02 18:52:14.808,1,down,N/A,False
195,2025-11-02 18:52:14.856,1,down,N/A,False
196,2025-11-02 18:52:14.908,1,down,N/A,False
197,2025-11-02 18:52:14.956,1,down,N/A,False
198,2025-11-02 18:52:15.008,1,down,N/A,False
199,2025-11-02 18:52:15.062,1,down,N/A,False
200,2025-11-02 18:52:15.109,1,down,N/A,False
201,2025-11-02 18:52:15.162,1,down,N/A,False
202,2025-11-02 18:52:15.210,1,down,N/A,False
203,2025-11-02 18:52:15.262,1,down,N/A,False
204,2025-11-02 18:52:15.310,1,down,N/A,False
205,2025-11-02 18:52:15.360,1,down,N/A,False
206,2025-11-02 18:52:15.414,1,down,N/A,False
207,2025-11-02 18:52:15.461,1,down,N/A,False
208,2025-11-02 18:52:15.531,1,down,151.10,True
209,2025-11-02 18:52:15.568,1,down,153.06,True
210,2025-11-02 18:52:15.619,1,down,156.43,True
211,2025-11-02 18:52:15.671,1,up,160.49,True
212,2025-11-02 18:52:15.719,1,up,160.87,True
213,2025-11-02 18:52:15.770,1,up,163.11,True
214,2025-11-02 18:52:15.819,1,up,163.75,True
215,2025-11-02 18:52:15.870,1,up,160.27,True
216,2025-11-02 18:52:15.919,1,up,158.38,True
217,2025-11-02 18:52:15.971,1,up,157.99,True
218,2025-11-02 18:52:16.024,1,up,155.69,True
219,2025-11-02 18:52:16.070,1,up,154.66,True
220,2025-11-02 18:52:16.123,1,up,155.18,True
221,2025-11-02 18:52:16.171,1,up,155.70,True
222,2025-11-02 18:52:16.222,1,up,156.23,True
223,2025-11-02 18:52:16.271,1,up,156.37,True
224,2025-11-02 18:52:16.322,1,up,157.39,True
225,2025-11-02 18:52:16.374,1,up,157.27,True
226,2025-11-02 18:52:16.422,1,up,156.75,True
227,2025-11-02 18:52:16.474,1,up,156.71,True
228,2025-11-02 18:52:16.522,1,up,156.94,True
229,2025-11-02 18:52:16.575,1,up,156.26,True
230,2025-11-02 18:52:16.627,1,up,155.77,True
231,2025-11-02 18:52:16.676,1,up,156.07,True
232,2025-11-02 18:52:16.726,1,up,157.23,True
233,2025-11-02 18:52:16.774,1,up,158.32,True
234,2025-11-02 18:52:16.826,1,up,158.64,True
235,2025-11-02 18:52:16.874,1,up,157.44,True
236,2025-11-02 18:52:16.927,1,up,155.44,True
237,2025-11-02 18:52:16.979,1,up,152.13,True
238,2025-11-02 18:52:17.026,1,up,145.54,True
239,2025-11-02 18:52:17.079,1,up,128.76,True
240,2025-11-02 18:52:17.127,1,up,111.98,True
241,2025-11-02 18:52:17.179,1,up,96.64,True
242,2025-11-02 18:52:17.231,1,up,83.16,True
243,2025-11-02 18:52:17.280,1,up,74.13,True
244,2025-11-02 18:52:17.330,2,down,65.96,True
245,2025-11-02 18:52:17.377,2,down,59.39,True
246,2025-11-02 18:52:17.430,2,down,54.39,True
247,2025-11-02 18:52:17.479,2,down,50.14,True
248,2025-11-02 18:52:17.530,2,down,46.07,True
249,2025-11-02 18:52:17.582,2,down,44.90,True
250,2025-11-02 18:52:17.631,2,down,45.48,True
251,2025-11-02 18:52:17.683,2,down,47.46,True
252,2025-11-02 18:52:17.730,2,down,52.03,True
253,2025-11-02 18:52:17.782,2,down,57.25,True
254,2025-11-02 18:52:17.832,2,down,67.41,True
255,2025-11-02 18:52:17.884,2,down,85.43,True
256,2025-11-02 18:52:17.935,2,down,101.07,True
257,2025-11-02 18:52:17.983,2,down,116.18,True
258,2025-11-02 18:52:18.034,2,down,131.75,True
259,2025-11-02 18:52:18.085,2,down,141.19,True
260,2025-11-02 18:52:18.136,2,down,145.46,True
261,2025-11-02 18:52:18.189,2,down,150.40,True
262,2025-11-02 18:52:18.235,2,down,156.30,True
263,2025-11-02 18:52:18.286,2,up,160.69,True
264,2025-11-02 18:52:18.334,2,up,162.77,True
265,2025-11-02 18:52:18.387,2,up,163.15,True
266,2025-11-02 18:52:18.435,2,up,162.40,True
267,2025-11-02 18:52:18.487,2,up,161.25,True
268,2025-11-02 18:52:18.539,2,up,159.32,True
269,2025-11-02 18:52:18.588,2,up,153.50,True
270,2025-11-02 18:52:18.638,2,up,146.80,True
271,2025-11-02 18:52:18.687,2,up,140.03,True
272,2025-11-02 18:52:18.739,2,up,125.65,True
273,2025-11-02 18:52:18.791,2,up,111.95,True
274,2025-11-02 18:52:18.839,2,up,102.60,True
275,2025-11-02 18:52:18.891,2,up,88.08,True
276,2025-11-02 18:52:18.938,2,up,74.63,True
277,2025-11-02 18:52:18.991,3,down,69.77,True
278,2025-11-02 18:52:19.038,3,down,60.49,True
279,2025-11-02 18:52:19.091,3,down,53.49,True
280,2025-11-02 18:52:19.142,3,down,47.89,True
281,2025-11-02 18:52:19.190,3,down,42.71,True
282,2025-11-02 18:52:19.242,3,down,41.19,True
283,2025-11-02 18:52:19.290,3,down,42.22,True
284,2025-11-02 18:52:19.342,3,down,45.93,True
285,2025-11-02 18:52:19.391,3,down,49.66,True
286,2025-11-02 18:52:19.444,3,down,55.18,True
287,2025-11-02 18:52:19.494,3,down,64.07,True
288,2025-11-02 18:52:19.542,3,down,73.39,True
289,2025-11-02 18:52:19.594,3,down,87.88,True
290,2025-11-02 18:52:19.642,3,down,100.86,True
291,2025-11-02 18:52:19.696,3,down,108.79,True
292,2025-11-02 18:52:19.746,3,down,118.29,True
293,2025-11-02 18:52:19.795,3,down,129.09,True
294,2025-11-02 18:52:19.847,3,down,135.97,True
295,2025-11-02 18:52:19.895,3,down,141.36,True
296,2025-11-02 18:52:19.947,3,down,146.30,True
297,2025-11-02 18:52:19.996,3,down,154.37,True
298,2025-11-02 18:52:20.046,3,down,157.46,True
299,2025-11-02 18:52:20.099,3,down,159.12,True
300,2025-11-02 18:52:20.146,3,up,160.06,True
301,2025-11-02 18:52:20.198,3,up,160.10,True
302,2025-11-02 18:52:20.246,3,up,160.12,True
303,2025-11-02 18:52:20.299,3,up,159.48,True
304,2025-11-02 18:52:20.351,3,up,157.79,True
305,2025-11-02 18:52:20.398,3,up,152.30,True
306,2025-11-02 18:52:20.450,3,up,145.42,True
307,2025-11-02 18:52:20.498,3,up,135.24,True
308,2025-11-02 18:52:20.552,3,up,121.05,True
309,2025-11-02 18:52:20.598,3,up,106.83,True
310,2025-11-02 18:52:20.650,3,up,95.19,True
311,2025-11-02 18:52:20.702,3,up,81.57,True
312,2025-11-02 18:52:20.750,3,up,73.05,True
313,2025-11-02 18:52:20.802,4,down,66.09,True
314,2025-11-02 18:52:20.850,4,down,56.54,True
315,2025-11-02 18:52:20.904,4,down,50.13,True
316,2025-11-02 18:52:20.951,4,down,44.37,True
317,2025-11-02 18:52:21.001,4,down,39.58,True
318,2025-11-02 18:52:21.055,4,down,37.49,True
319,2025-11-02 18:52:21.102,4,down,36.85,True
320,2025-11-02 18:52:21.155,4,down,37.88,True
321,2025-11-02 18:52:21.203,4,down,39.23,True
322,2025-11-02 18:52:21.254,4,down,43.17,True
323,2025-11-02 18:52:21.306,4,down,46.94,True
324,2025-11-02 18:52:21.354,4,down,59.68,True
325,2025-11-02 18:52:21.407,4,down,74.46,True
326,2025-11-02 18:52:21.456,4,down,90.46,True
327,2025-11-02 18:52:21.507,4,down,105.38,True
328,2025-11-02 18:52:21.554,4,down,120.78,True
329,2025-11-02 18:52:21.606,4,down,134.55,True
330,2025-11-02 18:52:21.658,4,down,137.98,True
331,2025-11-02 18:52:21.706,4,down,142.10,True
332,2025-11-02 18:52:21.759,4,down,149.48,True
333,2025-11-02 18:52:21.806,4,down,155.68,True
334,2025-11-02 18:52:21.858,4,down,157.38,True
335,2025-11-02 18:52:21.911,4,down,157.73,True
336,2025-11-02 18:52:21.959,4,down,159.02,True
337,2025-11-02 18:52:22.010,4,down,159.92,True
338,2025-11-02 18:52:22.059,4,down,159.13,True
339,2025-11-02 18:52:22.110,4,down,158.57,True
340,2025-11-02 18:52:22.159,4,down,158.18,True
341,2025-11-02 18:52:22.210,4,down,157.37,True
342,2025-11-02 18:52:22.262,4,down,148.54,True
343,2025-11-02 18:52:22.310,4,down,137.87,True
344,2025-11-02 18:52:22.363,4,down,125.03,True
345,2025-11-02 18:52:22.411,4,down,109.67,True
346,2025-11-02 18:52:22.462,4,down,99.07,True
347,2025-11-02 18:52:22.511,4,down,88.13,True
348,2025-11-02 18:52:22.563,4,down,77.89,True
349,2025-11-02 18:52:22.615,4,down,70.88,True
350,2025-11-02 18:52:22.665,4,down,62.53,True
351,2025-11-02 18:52:22.715,4,down,54.70,True
352,2025-11-02 18:52:22.762,4,down,48.62,True
353,2025-11-02 18:52:22.814,4,down,42.44,True
354,2025-11-02 18:52:22.867,4,down,37.56,True
355,2025-11-02 18:52:22.915,4,down,34.15,True
356,2025-11-02 18:52:22.967,4,down,33.05,True
357,2025-11-02 18:52:23.014,4,down,33.98,True
358,2025-11-02 18:52:23.067,4,down,36.47,True
359,2025-11-02 18:52:23.114,4,down,40.25,True
360,2025-11-02 18:52:23.167,4,down,43.76,True
361,2025-11-02 18:52:23.219,4,down,48.57,True
362,2025-11-02 18:52:23.266,4,down,56.34,True
363,2025-11-02 18:52:23.319,4,down,68.84,True
364,2025-11-02 18:52:23.366,4,down,80.85,True
365,2025-11-02 18:52:23.419,4,down,92.28,True
366,2025-11-02 18:52:23.471,4,down,101.01,True
367,2025-11-02 18:52:23.518,4,down,110.23,True
368,2025-11-02 18:52:23.570,4,down,116.71,True
369,2025-11-02 18:52:23.618,4,down,121.46,True
370,2025-11-02 18:52:23.671,4,down,129.32,True
371,2025-11-02 18:52:23.719,4,down,132.66,True
372,2025-11-02 18:52:23.771,4,down,134.97,True
373,2025-11-02 18:52:23.822,4,down,140.40,True
374,2025-11-02 18:52:23.870,4,down,144.61,True
375,2025-11-02 18:52:23.924,4,down,147.37,True
376,2025-11-02 18:52:23.973,4,down,149.52,True
377,2025-11-02 18:52:24.024,4,down,151.50,True
378,2025-11-02 18:52:24.072,4,down,152.22,True
379,2025-11-02 18:52:24.122,4,down,154.90,True
380,2025-11-02 18:52:24.175,4,down,157.02,True
381,2025-11-02 18:52:24.222,4,down,158.64,True
382,2025-11-02 18:52:24.274,4,up,160.17,True
383,2025-11-02 18:52:24.323,4,up,161.03,True
384,2025-11-02 18:52:24.374,4,up,160.73,True
385,2025-11-02 18:52:24.427,4,up,159.54,True
386,2025-11-02 18:52:24.476,4,up,157.96,True
387,2025-11-02 18:52:24.529,4,up,155.53,True
388,2025-11-02 18:52:24.575,4,up,147.02,True
389,2025-11-02 18:52:24.629,4,up,136.63,True
390,2025-11-02 18:52:24.675,4,up,122.98,True
391,2025-11-02 18:52:24.727,4,up,105.98,True
392,2025-11-02 18:52:24.780,4,up,96.00,True
393,2025-11-02 18:52:24.827,4,up,82.96,True
394,2025-11-02 18:52:24.879,4,up,70.41,True
395,2025-11-02 18:52:24.927,5,down,60.22,True
396,2025-11-02 18:52:24.978,5,down,51.22,True
397,2025-11-02 18:52:25.031,5,down,44.93,True
398,2025-11-02 18:52:25.079,5,down,39.83,True
399,2025-11-02 18:52:25.131,5,down,34.89,True
400,2025-11-02 18:52:25.178,5,down,30.94,True
401,2025-11-02 18:52:25.230,5,down,30.30,True
402,2025-11-02 18:52:25.279,5,down,32.12,True
403,2025-11-02 18:52:25.333,5,down,36.12,True
404,2025-11-02 18:52:25.382,5,down,41.29,True
405,2025-11-02 18:52:25.430,5,down,50.01,True
406,2025-11-02 18:52:25.482,5,down,67.77,True
407,2025-11-02 18:52:25.530,5,down,90.49,True
408,2025-11-02 18:52:25.583,5,down,103.62,True
409,2025-11-02 18:52:25.631,5,down,117.60,True
410,2025-11-02 18:52:25.683,5,down,130.73,True
411,2025-11-02 18:52:25.736,5,down,135.57,True
412,2025-11-02 18:52:25.784,5,down,136.97,True
413,2025-11-02 18:52:25.834,5,down,145.45,True
414,2025-11-02 18:52:25.883,5,down,148.14,True
415,2025-11-02 18:52:25.936,5,down,150.61,True
416,2025-11-02 18:52:25.987,5,down,153.49,True
417,2025-11-02 18:52:26.036,5,down,156.84,True
418,2025-11-02 18:52:26.087,5,down,159.00,True
419,2025-11-02 18:52:26.135,5,up,161.23,True
420,2025-11-02 18:52:26.186,5,up,161.36,True
421,2025-11-02 18:52:26.240,5,up,162.56,True
422,2025-11-02 18:52:26.290,5,up,163.01,True
423,2025-11-02 18:52:26.341,5,up,162.09,True
424,2025-11-02 18:52:26.390,5,up,160.75,True
425,2025-11-02 18:52:26.441,5,up,159.25,True
426,2025-11-02 18:52:26.488,5,up,158.01,True
427,2025-11-02 18:52:26.541,5,up,153.25,True
428,2025-11-02 18:52:26.594,5,up,145.60,True
429,2025-11-02 18:52:26.640,5,up,138.98,True
430,2025-11-02 18:52:26.692,5,up,129.00,True
431,2025-11-02 18:52:26.741,5,up,123.72,True
432,2025-11-02 18:52:26.793,5,up,105.15,True
433,2025-11-02 18:52:26.840,5,up,95.62,True
434,2025-11-02 18:52:26.892,5,up,82.05,True
435,2025-11-02 18:52:26.945,6,down,67.77,True
436,2025-11-02 18:52:26.992,6,down,59.44,True
437,2025-11-02 18:52:27.045,6,down,50.32,True
438,2025-11-02 18:52:27.092,6,down,44.35,True
439,2025-11-02 18:52:27.142,6,down,37.63,True
440,2025-11-02 18:52:27.191,6,down,32.66,True
441,2025-11-02 18:52:27.242,6,down,30.87,True
442,2025-11-02 18:52:27.296,6,down,29.47,True
443,2025-11-02 18:52:27.345,6,down,28.73,True
444,2025-11-02 18:52:27.394,6,down,29.21,True
445,2025-11-02 18:52:27.443,6,down,29.23,True
446,2025-11-02 18:52:27.494,6,down,30.33,True
447,2025-11-02 18:52:27.547,6,down,31.26,True
448,2025-11-02 18:52:27.595,6,down,34.16,True
449,2025-11-02 18:52:27.646,6,down,41.68,True
450,2025-11-02 18:52:27.695,6,down,48.89,True
451,2025-11-02 18:52:27.746,6,down,54.51,True
452,2025-11-02 18:52:27.801,6,down,58.33,True
453,2025-11-02 18:52:27.850,6,down,62.23,True
454,2025-11-02 18:52:27.900,6,down,65.30,True
455,2025-11-02 18:52:27.946,6,down,69.40,True
456,2025-11-02 18:52:27.999,6,down,75.06,True
457,2025-11-02 18:52:28.049,6,down,82.04,True
458,2025-11-02 18:52:28.100,6,down,86.77,True
459,2025-11-02 18:52:28.148,6,down,91.01,True
460,2025-11-02 18:52:28.200,6,down,95.57,True
461,2025-11-02 18:52:28.252,6,down,100.16,True
462,2025-11-02 18:52:28.302,6,down,102.24,True
463,2025-11-02 18:52:28.352,6,down,105.07,True
464,2025-11-02 18:52:28.402,6,down,106.99,True
465,2025-11-02 18:52:28.453,6,down,110.88,True
466,2025-11-02 18:52:28.506,6,down,115.53,True
467,2025-11-02 18:52:28.553,6,down,119.13,True
468,2025-11-02 18:52:28.605,6,down,122.93,True
469,2025-11-02 18:52:28.653,6,down,124.72,True
470,2025-11-02 18:52:28.705,6,down,125.87,True
471,2025-11-02 18:52:28.753,6,down,128.45,True
472,2025-11-02 18:52:28.805,6,down,130.48,True
473,2025-11-02 18:52:28.856,6,down,131.83,True
474,2025-11-02 18:52:28.902,6,down,133.16,True
475,2025-11-02 18:52:28.956,6,down,134.43,True
476,2025-11-02 18:52:29.004,6,down,135.76,True
477,2025-11-02 18:52:29.054,6,down,137.81,True
478,2025-11-02 18:52:29.109,6,down,140.26,True
479,2025-11-02 18:52:29.157,6,down,143.58,True
480,2025-11-02 18:52:29.207,6,down,145.79,True
481,2025-11-02 18:52:29.255,6,down,150.18,True
482,2025-11-02 18:52:29.308,6,down,155.02,True
483,2025-11-02 18:52:29.356,6,down,159.07,True
484,2025-11-02 18:52:29.410,6,up,161.64,True
485,2025-11-02 18:52:29.461,6,up,161.62,True
486,2025-11-02 18:52:29.509,6,up,162.41,True
487,2025-11-02 18:52:29.561,6,up,163.82,True
488,2025-11-02 18:52:29.607,6,up,163.67,True
489,2025-11-02 18:52:29.659,6,up,163.64,True
490,2025-11-02 18:52:29.713,6,up,163.12,True
491,2025-11-02 18:52:29.759,6,up,162.57,True
492,2025-11-02 18:52:29.812,6,up,162.06,True
493,2025-11-02 18:52:29.860,6,up,160.92,True
494,2025-11-02 18:52:29.913,6,up,159.26,True
495,2025-11-02 18:52:29.961,6,up,157.43,True
496,2025-11-02 18:52:30.010,6,up,157.11,True
497,2025-11-02 18:52:30.065,6,up,155.78,True
498,2025-11-02 18:52:30.113,6,up,155.81,True
499,2025-11-02 18:52:30.164,6,up,156.76,True
500,2025-11-02 18:52:30.212,6,up,156.37,True
501,2025-11-02 18:52:30.266,6,up,154.31,True
502,2025-11-02 18:52:30.314,6,up,150.51,True
503,2025-11-02 18:52:30.365,6,up,150.24,True
504,2025-11-02 18:52:30.417,6,up,151.39,True
505,2025-11-02 18:52:30.463,6,up,152.02,True
506,2025-11-02 18:52:30.515,6,up,151.67,True
507,2025-11-02 18:52:30.563,6,up,151.78,True
508,2025-11-02 18:52:30.615,6,up,150.98,True
509,2025-11-02 18:52:30.669,6,up,150.79,True
510,2025-11-02 18:52:30.715,6,up,151.12,True
511,2025-11-02 18:52:30.768,6,up,151.59,True
512,2025-11-02 18:52:30.817,6,up,152.21,True
513,2025-11-02 18:52:30.868,6,up,152.49,True
514,2025-11-02 18:52:30.918,6,up,151.88,True
515,2025-11-02 18:52:30.968,6,up,151.23,True
516,2025-11-02 18:52:31.020,6,up,150.50,True
517,2025-11-02 18:52:31.069,6,up,149.88,True
518,2025-11-02 18:52:31.121,6,up,149.40,True
519,2025-11-02 18:52:31.169,6,up,148.85,True
520,2025-11-02 18:52:31.221,6,up,148.51,True
521,2025-11-02 18:52:31.273,6,up,148.02,True
522,2025-11-02 18:52:31.321,6,up,147.81,True
523,2025-11-02 18:52:31.371,6,up,147.89,True
524,2025-11-02 18:52:31.421,6,up,148.24,True
525,2025-11-02 18:52:31.472,6,up,148.73,True
526,2025-11-02 18:52:31.521,6,up,149.02,True
527,2025-11-02 18:52:31.574,6,up,149.72,True
528,2025-11-02 18:52:31.624,6,up,150.06,True
529,2025-11-02 18:52:31.670,6,up,150.11,True
530,2025-11-02 18:52:31.725,6,up,149.92,True
531,2025-11-02 18:52:31.772,6,up,150.01,True
532,2025-11-02 18:52:31.822,6,up,150.06,True
533,2025-11-02 18:52:31.872,6,up,149.98,True
534,2025-11-02 18:52:31.922,6,up,150.17,True
535,2025-11-02 18:52:31.975,6,up,150.77,True
536,2025-11-02 18:52:32.024,6,up,150.90,True
537,2025-11-02 18:52:32.074,6,up,151.15,True
538,2025-11-02 18:52:32.122,6,up,151.57,True
539,2025-11-02 18:52:32.175,6,up,152.01,True
540,2025-11-02 18:52:32.227,6,up,152.22,True
541,2025-11-02 18:52:32.275,6,up,152.55,True
542,2025-11-02 18:52:32.327,6,up,152.42,True
543,2025-11-02 18:52:32.374,6,up,152.70,True
544,2025-11-02 18:52:32.430,6,up,155.16,True
545,2025-11-02 18:52:32.475,6,up,156.92,True
546,2025-11-02 18:52:32.526,6,up,155.96,True
547,2025-11-02 18:52:32.578,6,up,156.05,True
548,2025-11-02 18:52:32.628,6,up,158.17,True
549,2025-11-02 18:52:32.680,6,up,158.99,True
550,2025-11-02 18:52:32.729,6,up,157.34,True
551,2025-11-02 18:52:32.780,6,up,156.83,True
552,2025-11-02 18:52:32.827,6,up,156.66,True
553,2025-11-02 18:52:32.880,6,up,156.29,True
554,2025-11-02 18:52:32.934,6,up,156.25,True
555,2025-11-02 18:52:32.980,6,up,156.28,True
556,2025-11-02 18:52:33.033,6,up,156.54,True
557,2025-11-02 18:52:33.081,6,up,156.76,True
558,2025-11-02 18:52:33.135,6,up,156.94,True
559,2025-11-02 18:52:33.184,6,up,157.39,True
560,2025-11-02 18:52:33.233,6,up,157.92,True
561,2025-11-02 18:52:33.284,6,up,158.26,True
562,2025-11-02 18:52:33.332,6,up,159.04,True
563,2025-11-02 18:52:33.384,6,up,159.99,True
564,2025-11-02 18:52:33.434,6,up,161.19,True
565,2025-11-02 18:52:33.484,6,up,161.75,True
566,2025-11-02 18:52:33.534,6,up,162.68,True
567,2025-11-02 18:52:33.581,6,up,163.40,True
568,2025-11-02 18:52:33.635,6,up,164.00,True
569,2025-11-02 18:52:33.682,6,up,164.42,True
570,2025-11-02 18:52:33.736,6,up,164.82,True
571,2025-11-02 18:52:33.787,6,up,165.06,True
572,2025-11-02 18:52:33.833,6,up,165.17,True
573,2025-11-02 18:52:33.886,6,up,165.08,True
574,2025-11-02 18:52:33.934,6,up,165.04,True
575,2025-11-02 18:52:33.986,6,up,164.99,True
576,2025-11-02 18:52:34.034,6,up,164.90,True
577,2025-11-02 18:52:34.086,6,up,164.54,True
578,2025-11-02 18:52:34.139,6,up,164.69,True
579,2025-11-02 18:52:34.186,6,up,164.52,True
580,2025-11-02 18:52:34.238,6,up,164.56,True
581,2025-11-02 18:52:34.288,6,up,163.13,True
582,2025-11-02 18:52:34.339,6,up,160.50,True
583,2025-11-02 18:52:34.387,6,up,154.47,True
584,2025-11-02 18:52:34.438,6,up,141.58,True
585,2025-11-02 18:52:34.491,6,up,125.38,True
586,2025-11-02 18:52:34.539,6,up,108.67,True
587,2025-11-02 18:52:34.591,6,up,89.36,True
588,2025-11-02 18:52:34.638,6,up,72.87,True
589,2025-11-02 18:52:34.692,7,down,61.53,True
590,2025-11-02 18:52:34.742,7,down,51.54,True
591,2025-11-02 18:52:34.790,7,down,45.93,True
592,2025-11-02 18:52:34.843,7,down,39.57,True
593,2025-11-02 18:52:34.890,7,down,33.08,True
594,2025-11-02 18:52:34.943,7,down,29.57,True
595,2025-11-02 18:52:34.992,7,down,27.57,True
596,2025-11-02 18:52:35.044,7,down,27.22,True
597,2025-11-02 18:52:35.097,7,down,28.48,True
598,2025-11-02 18:52:35.145,7,down,31.76,True
599,2025-11-02 18:52:35.197,7,down,37.00,True
600,2025-11-02 18:52:35.245,7,down,43.58,True
601,2025-11-02 18:52:35.295,7,down,54.60,True
602,2025-11-02 18:52:35.349,7,down,64.31,True
603,2025-11-02 18:52:35.396,7,down,76.59,True
604,2025-11-02 18:52:35.448,7,down,91.14,True
605,2025-11-02 18:52:35.495,7,down,103.49,True
606,2025-11-02 18:52:35.546,7,down,116.02,True
607,2025-11-02 18:52:35.594,7,down,125.82,True
608,2025-11-02 18:52:35.646,7,down,134.94,True
609,2025-11-02 18:52:35.700,7,down,137.52,True
610,2025-11-02 18:52:35.750,7,down,143.92,True
611,2025-11-02 18:52:35.798,7,down,147.28,True
612,2025-11-02 18:52:35.847,7,down,149.13,True
613,2025-11-02 18:52:35.900,7,down,150.99,True
614,2025-11-02 18:52:35.948,7,down,152.76,True
615,2025-11-02 18:52:36.000,7,down,155.02,True
616,2025-11-02 18:52:36.054,7,down,157.29,True
617,2025-11-02 18:52:36.101,7,down,159.09,True
618,2025-11-02 18:52:36.154,7,up,161.79,True
619,2025-11-02 18:52:36.201,7,up,163.87,True
620,2025-11-02 18:52:36.253,7,up,165.49,True
621,2025-11-02 18:52:36.305,7,up,167.17,True
622,2025-11-02 18:52:36.353,7,up,168.69,True
623,2025-11-02 18:52:36.408,7,up,169.34,True
624,2025-11-02 18:52:36.453,7,up,169.68,True
625,2025-11-02 18:52:36.507,7,up,169.08,True
626,2025-11-02 18:52:36.553,7,up,168.44,True
627,2025-11-02 18:52:36.604,7,up,162.31,True
628,2025-11-02 18:52:36.653,7,up,155.50,True
629,2025-11-02 18:52:36.703,7,up,144.59,True
630,2025-11-02 18:52:36.755,7,up,130.87,True
631,2025-11-02 18:52:36.802,7,up,117.69,True
632,2025-11-02 18:52:36.854,7,up,100.44,True
633,2025-11-02 18:52:36.906,7,up,83.82,True
634,2025-11-02 18:52:36.954,7,up,70.10,True
635,2025-11-02 18:52:37.006,8,down,60.43,True
636,2025-11-02 18:52:37.055,8,down,51.12,True
637,2025-11-02 18:52:37.107,8,down,43.54,True
638,2025-11-02 18:52:37.156,8,down,35.51,True
639,2025-11-02 18:52:37.206,8,down,30.46,True
640,2025-11-02 18:52:37.260,8,down,29.20,True
641,2025-11-02 18:52:37.306,8,down,30.76,True
642,2025-11-02 18:52:37.359,8,down,33.89,True
643,2025-11-02 18:52:37.407,8,down,42.09,True
644,2025-11-02 18:52:37.461,8,down,50.57,True
645,2025-11-02 18:52:37.506,8,down,63.10,True
646,2025-11-02 18:52:37.559,8,down,76.99,True
647,2025-11-02 18:52:37.610,8,down,88.62,True
648,2025-11-02 18:52:37.659,8,down,98.77,True
649,2025-11-02 18:52:37.710,8,down,108.57,True
650,2025-11-02 18:52:37.760,8,down,114.46,True
651,2025-11-02 18:52:37.812,8,down,120.61,True
652,2025-11-02 18:52:37.864,8,down,126.51,True
653,2025-11-02 18:52:37.911,8,down,131.18,True
654,2025-11-02 18:52:37.963,8,down,133.52,True
655,2025-11-02 18:52:38.011,8,down,136.50,True
656,2025-11-02 18:52:38.063,8,down,140.45,True
657,2025-11-02 18:52:38.112,8,down,143.23,True
658,2025-11-02 18:52:38.163,8,down,144.52,True
659,2025-11-02 18:52:38.214,8,down,145.79,True
660,2025-11-02 18:52:38.262,8,down,147.06,True
661,2025-11-02 18:52:38.314,8,down,148.31,True
662,2025-11-02 18:52:38.362,8,down,148.95,True
663,2025-11-02 18:52:38.415,8,down,150.34,True
664,2025-11-02 18:52:38.467,8,down,151.34,True
665,2025-11-02 18:52:38.514,8,down,152.74,True
666,2025-11-02 18:52:38.567,8,down,153.93,True
667,2025-11-02 18:52:38.616,8,down,156.07,True
668,2025-11-02 18:52:38.668,8,down,158.00,True
669,2025-11-02 18:52:38.714,8,up,160.46,True
670,2025-11-02 18:52:38.767,8,up,163.50,True
671,2025-11-02 18:52:38.818,8,up,166.53,True
672,2025-11-02 18:52:38.867,8,up,168.31,True
673,2025-11-02 18:52:38.919,8,up,169.08,True
674,2025-11-02 18:52:38.967,8,up,168.94,True
675,2025-11-02 18:52:39.018,8,up,168.30,True
676,2025-11-02 18:52:39.067,8,up,167.83,True
677,2025-11-02 18:52:39.119,8,up,161.79,True
678,2025-11-02 18:52:39.169,8,up,149.03,True
679,2025-11-02 18:52:39.218,8,up,137.68,True
680,2025-11-02 18:52:39.273,8,up,124.00,True
681,2025-11-02 18:52:39.318,8,up,108.95,True
682,2025-11-02 18:52:39.371,8,up,89.71,True
683,2025-11-02 18:52:39.422,8,up,73.39,True
684,2025-11-02 18:52:39.473,9,down,61.20,True
685,2025-11-02 18:52:39.525,9,down,52.21,True
686,2025-11-02 18:52:39.573,9,down,46.44,True
687,2025-11-02 18:52:39.623,9,down,39.62,True
688,2025-11-02 18:52:39.672,9,down,31.23,True
689,2025-11-02 18:52:39.723,9,down,25.84,True
690,2025-11-02 18:52:39.774,9,down,25.23,True
691,2025-11-02 18:52:39.822,9,down,26.30,True
692,2025-11-02 18:52:39.876,9,down,29.01,True
693,2025-11-02 18:52:39.925,9,down,33.55,True
694,2025-11-02 18:52:39.975,9,down,37.72,True
695,2025-11-02 18:52:40.027,9,down,47.43,True
696,2025-11-02 18:52:40.074,9,down,56.74,True
697,2025-11-02 18:52:40.127,9,down,65.43,True
698,2025-11-02 18:52:40.174,9,down,75.80,True
699,2025-11-02 18:52:40.226,9,down,87.22,True
700,2025-11-02 18:52:40.274,9,down,94.41,True
701,2025-11-02 18:52:40.328,9,down,104.18,True
702,2025-11-02 18:52:40.380,9,down,111.01,True
703,2025-11-02 18:52:40.428,9,down,118.84,True
704,2025-11-02 18:52:40.482,9,down,125.57,True
705,2025-11-02 18:52:40.527,9,down,131.22,True
706,2025-11-02 18:52:40.580,9,down,134.83,True
707,2025-11-02 18:52:40.628,9,down,140.80,True
708,2025-11-02 18:52:40.680,9,down,143.28,True
709,2025-11-02 18:52:40.732,9,down,145.48,True
710,2025-11-02 18:52:40.780,9,down,147.88,True
711,2025-11-02 18:52:40.833,9,down,149.91,True
712,2025-11-02 18:52:40.881,9,down,151.92,True
713,2025-11-02 18:52:40.933,9,down,154.14,True
714,2025-11-02 18:52:40.984,9,down,155.88,True
715,2025-11-02 18:52:41.033,9,down,157.76,True
716,2025-11-02 18:52:41.084,9,down,159.89,True
717,2025-11-02 18:52:41.133,9,up,161.68,True
718,2025-11-02 18:52:41.184,9,up,162.71,True
719,2025-11-02 18:52:41.233,9,up,164.18,True
720,2025-11-02 18:52:41.284,9,up,165.11,True
721,2025-11-02 18:52:41.336,9,up,166.28,True
722,2025-11-02 18:52:41.384,9,up,167.21,True
723,2025-11-02 18:52:41.436,9,up,167.82,True
724,2025-11-02 18:52:41.484,9,up,168.21,True
725,2025-11-02 18:52:41.536,9,up,168.37,True
726,2025-11-02 18:52:41.589,9,up,167.61,True
727,2025-11-02 18:52:41.637,9,up,166.86,True
728,2025-11-02 18:52:41.690,9,up,165.49,True
729,2025-11-02 18:52:41.738,9,up,161.69,True
730,2025-11-02 18:52:41.788,9,up,157.58,True
731,2025-11-02 18:52:41.837,9,up,152.93,True
732,2025-11-02 18:52:41.888,9,up,147.02,True
733,2025-11-02 18:52:41.941,9,up,143.06,True
734,2025-11-02 18:52:41.988,9,up,133.68,True
735,2025-11-02 18:52:42.041,9,up,121.68,True
736,2025-11-02 18:52:42.091,9,up,111.59,True
737,2025-11-02 18:52:42.141,9,up,97.38,True
738,2025-11-02 18:52:42.190,9,up,82.19,True
739,2025-11-02 18:52:42.240,10,down,67.56,True
740,2025-11-02 18:52:42.293,10,down,57.06,True
741,2025-11-02 18:52:42.341,10,down,49.77,True
742,2025-11-02 18:52:42.394,10,down,43.74,True
743,2025-11-02 18:52:42.440,10,down,36.42,True
744,2025-11-02 18:52:42.494,10,down,30.66,True
745,2025-11-02 18:52:42.546,10,down,27.17,True
746,2025-11-02 18:52:42.594,10,down,25.92,True
747,2025-11-02 18:52:42.646,10,down,26.91,True
748,2025-11-02 18:52:42.692,10,down,28.41,True
749,2025-11-02 18:52:42.745,10,down,31.73,True
750,2025-11-02 18:52:42.794,10,down,36.73,True
751,2025-11-02 18:52:42.844,10,down,41.23,True
752,2025-11-02 18:52:42.896,10,down,48.55,True
753,2025-11-02 18:52:42.944,10,down,54.51,True
754,2025-11-02 18:52:42.998,10,down,58.72,True
755,2025-11-02 18:52:43.044,10,down,61.38,True
756,2025-11-02 18:52:43.097,10,down,63.96,True
757,2025-11-02 18:52:43.149,10,down,67.99,True
758,2025-11-02 18:52:43.197,10,down,71.60,True
759,2025-11-02 18:52:43.249,10,down,74.26,True
760,2025-11-02 18:52:43.297,10,down,76.81,True
761,2025-11-02 18:52:43.349,10,down,80.92,True
762,2025-11-02 18:52:43.398,10,down,84.54,True
763,2025-11-02 18:52:43.448,10,down,87.70,True
764,2025-11-02 18:52:43.500,10,down,90.33,True
765,2025-11-02 18:52:43.548,10,down,93.74,True
766,2025-11-02 18:52:43.602,10,down,96.50,True
767,2025-11-02 18:52:43.648,10,down,99.00,True
768,2025-11-02 18:52:43.700,10,down,101.86,True
769,2025-11-02 18:52:43.749,10,down,103.65,True
770,2025-11-02 18:52:43.801,10,down,106.41,True
771,2025-11-02 18:52:43.850,10,down,108.65,True
772,2025-11-02 18:52:43.901,10,down,110.90,True
773,2025-11-02 18:52:43.952,10,down,113.43,True
774,2025-11-02 18:52:44.001,10,down,115.68,True
775,2025-11-02 18:52:44.053,10,down,118.05,True
776,2025-11-02 18:52:44.105,10,down,120.14,True
777,2025-11-02 18:52:44.150,10,down,122.35,True
778,2025-11-02 18:52:44.202,10,down,124.10,True
779,2025-11-02 18:52:44.253,10,down,126.05,True
780,2025-11-02 18:52:44.304,10,down,127.87,True
781,2025-11-02 18:52:44.354,10,down,130.08,True
782,2025-11-02 18:52:44.405,10,down,132.03,True
783,2025-11-02 18:52:44.457,10,down,134.16,True
784,2025-11-02 18:52:44.502,10,down,136.86,True
785,2025-11-02 18:52:44.555,10,down,138.48,True
786,2025-11-02 18:52:44.603,10,down,139.21,True
787,2025-11-02 18:52:44.654,10,down,139.97,True
788,2025-11-02 18:52:44.709,10,down,140.60,True
789,2025-11-02 18:52:44.753,10,down,141.45,True
790,2025-11-02 18:52:44.806,10,down,142.03,True
791,2025-11-02 18:52:44.854,10,down,142.80,True
792,2025-11-02 18:52:44.907,10,down,143.23,True
793,2025-11-02 18:52:44.954,10,down,143.72,True
794,2025-11-02 18:52:45.007,10,down,144.26,True
795,2025-11-02 18:52:45.060,10,down,145.58,True
796,2025-11-02 18:52:45.110,10,down,146.50,True
797,2025-11-02 18:52:45.164,10,down,147.14,True
798,2025-11-02 18:52:45.213,10,down,147.44,True
799,2025-11-02 18:52:45.266,10,down,147.72,True
800,2025-11-02 18:52:45.313,10,down,148.03,True
801,2025-11-02 18:52:45.365,10,down,148.51,True
802,2025-11-02 18:52:45.416,10,down,148.90,True
803,2025-11-02 18:52:45.464,10,down,149.20,True
804,2025-11-02 18:52:45.516,10,down,149.66,True
805,2025-11-02 18:52:45.567,10,down,150.33,True
806,2025-11-02 18:52:45.616,10,down,150.72,True
807,2025-11-02 18:52:45.669,10,down,151.45,True
808,2025-11-02 18:52:45.717,10,down,151.85,True
809,2025-11-02 18:52:45.768,10,down,152.76,True
810,2025-11-02 18:52:45.817,10,down,153.78,True
811,2025-11-02 18:52:45.866,10,down,154.52,True
812,2025-11-02 18:52:45.917,10,down,154.93,True
813,2025-11-02 18:52:45.971,10,down,155.53,True
814,2025-11-02 18:52:46.023,10,down,156.16,True
815,2025-11-02 18:52:46.068,10,down,157.34,True
816,2025-11-02 18:52:46.121,10,down,158.13,True
817,2025-11-02 18:52:46.169,10,down,158.48,True
818,2025-11-02 18:52:46.220,10,down,159.01,True
819,2025-11-02 18:52:46.272,10,down,159.57,True
820,2025-11-02 18:52:46.319,10,down,159.97,True
821,2025-11-02 18:52:46.372,10,up,160.30,True
822,2025-11-02 18:52:46.420,10,up,160.47,True
823,2025-11-02 18:52:46.473,10,up,160.85,True
824,2025-11-02 18:52:46.521,10,up,161.45,True
825,2025-11-02 18:52:46.572,10,up,161.88,True
826,2025-11-02 18:52:46.624,10,up,162.09,True
827,2025-11-02 18:52:46.671,10,up,162.19,True
828,2025-11-02 18:52:46.724,10,up,162.22,True
829,2025-11-02 18:52:46.775,10,up,162.59,True
830,2025-11-02 18:52:46.824,10,up,162.78,True
831,2025-11-02 18:52:46.869,10,up,163.03,True
832,2025-11-02 18:52:46.920,10,up,163.23,True
833,2025-11-02 18:52:46.971,10,up,163.20,True
834,2025-11-02 18:52:47.018,10,up,163.13,True
835,2025-11-02 18:52:47.072,10,up,161.04,True
836,2025-11-02 18:52:47.120,10,up,156.32,True
837,2025-11-02 18:52:47.170,10,up,150.18,True
838,2025-11-02 18:52:47.222,10,up,139.36,True
839,2025-11-02 18:52:47.271,10,up,126.00,True
840,2025-11-02 18:52:47.324,10,up,104.91,True
841,2025-11-02 18:52:47.370,10,up,82.60,True
842,2025-11-02 18:52:47.422,11,down,63.26,True
843,2025-11-02 18:52:47.469,11,down,49.86,True
844,2025-11-02 18:52:47.523,11,down,39.84,True
845,2025-11-02 18:52:47.577,11,down,31.83,True
846,2025-11-02 18:52:47.622,11,down,29.26,True
847,2025-11-02 18:52:47.676,11,down,28.63,True
848,2025-11-02 18:52:47.723,11,down,29.75,True
849,2025-11-02 18:52:47.777,11,down,31.09,True
850,2025-11-02 18:52:47.830,11,down,33.17,True
851,2025-11-02 18:52:47.876,11,down,36.16,True
852,2025-11-02 18:52:47.931,11,down,39.44,True
853,2025-11-02 18:52:47.981,11,down,41.57,True
854,2025-11-02 18:52:48.033,11,down,49.34,True
855,2025-11-02 18:52:48.082,11,down,56.81,True
856,2025-11-02 18:52:48.134,11,down,62.37,True
857,2025-11-02 18:52:48.183,11,down,69.41,True
858,2025-11-02 18:52:48.231,11,down,79.02,True
859,2025-11-02 18:52:48.284,11,down,88.05,True
860,2025-11-02 18:52:48.331,11,down,101.12,True
861,2025-11-02 18:52:48.384,11,down,111.26,True
862,2025-11-02 18:52:48.432,11,down,119.74,True
863,2025-11-02 18:52:48.484,11,down,123.91,True
864,2025-11-02 18:52:48.539,11,down,129.08,True
865,2025-11-02 18:52:48.583,11,down,132.30,True
866,2025-11-02 18:52:48.636,11,down,136.60,True
867,2025-11-02 18:52:48.684,11,down,141.46,True
868,2025-11-02 18:52:48.735,11,down,144.80,True
869,2025-11-02 18:52:48.789,11,down,148.79,True
870,2025-11-02 18:52:48.836,11,down,151.95,True
871,2025-11-02 18:52:48.887,11,down,154.94,True
872,2025-11-02 18:52:48.936,11,down,156.80,True
873,2025-11-02 18:52:48.986,11,down,158.88,True
874,2025-11-02 18:52:49.035,11,up,160.10,True
875,2025-11-02 18:52:49.088,11,up,161.16,True
876,2025-11-02 18:52:49.137,11,up,162.40,True
877,2025-11-02 18:52:49.186,11,up,164.43,True
878,2025-11-02 18:52:49.235,11,up,165.67,True
879,2025-11-02 18:52:49.283,11,up,166.78,True
880,2025-11-02 18:52:49.339,11,up,167.89,True
881,2025-11-02 18:52:49.388,11,up,168.32,True
882,2025-11-02 18:52:49.435,11,up,168.44,True
883,2025-11-02 18:52:49.486,11,up,168.02,True
884,2025-11-02 18:52:49.534,11,up,167.39,True
885,2025-11-02 18:52:49.586,11,up,164.52,True
886,2025-11-02 18:52:49.636,11,up,161.22,True
887,2025-11-02 18:52:49.688,11,up,157.44,True
888,2025-11-02 18:52:49.740,11,up,152.25,True
889,2025-11-02 18:52:49.789,11,up,146.68,True
890,2025-11-02 18:52:49.840,11,up,139.49,True
891,2025-11-02 18:52:49.888,11,up,133.40,True
892,2025-11-02 18:52:49.944,11,up,123.21,True
893,2025-11-02 18:52:49.992,11,up,112.03,True
894,2025-11-02 18:52:50.043,11,up,100.88,True
895,2025-11-02 18:52:50.096,11,up,88.39,True
896,2025-11-02 18:52:50.144,11,up,74.77,True
897,2025-11-02 18:52:50.198,12,down,58.61,True
898,2025-11-02 18:52:50.244,12,down,48.98,True
899,2025-11-02 18:52:50.296,12,down,40.61,True
900,2025-11-02 18:52:50.348,12,down,34.68,True
901,2025-11-02 18:52:50.396,12,down,29.96,True
902,2025-11-02 18:52:50.449,12,down,28.57,True
903,2025-11-02 18:52:50.496,12,down,29.66,True
904,2025-11-02 18:52:50.548,12,down,32.66,True
905,2025-11-02 18:52:50.597,12,down,38.42,True
906,2025-11-02 18:52:50.648,12,down,43.00,True
907,2025-11-02 18:52:50.700,12,down,52.95,True
908,2025-11-02 18:52:50.748,12,down,64.60,True
909,2025-11-02 18:52:50.801,12,down,75.17,True
910,2025-11-02 18:52:50.848,12,down,84.87,True
911,2025-11-02 18:52:50.899,12,down,92.67,True
912,2025-11-02 18:52:50.954,12,down,102.24,True
913,2025-11-02 18:52:51.000,12,down,107.97,True
914,2025-11-02 18:52:51.052,12,down,113.88,True
915,2025-11-02 18:52:51.100,12,down,120.62,True
916,2025-11-02 18:52:51.152,12,down,125.05,True
917,2025-11-02 18:52:51.199,12,down,129.99,True
918,2025-11-02 18:52:51.252,12,down,132.58,True
919,2025-11-02 18:52:51.306,12,down,134.89,True
920,2025-11-02 18:52:51.352,12,down,138.67,True
921,2025-11-02 18:52:51.405,12,down,142.12,True
922,2025-11-02 18:52:51.452,12,down,146.20,True
923,2025-11-02 18:52:51.504,12,down,150.56,True
924,2025-11-02 18:52:51.552,12,down,155.26,True
925,2025-11-02 18:52:51.605,12,down,158.12,True
926,2025-11-02 18:52:51.655,12,up,160.35,True
927,2025-11-02 18:52:51.705,12,up,162.92,True
928,2025-11-02 18:52:51.757,12,up,164.88,True
929,2025-11-02 18:52:51.803,12,up,166.25,True
930,2025-11-02 18:52:51.858,12,up,167.52,True
931,2025-11-02 18:52:51.909,12,up,167.30,True
932,2025-11-02 18:52:51.956,12,up,166.29,True
933,2025-11-02 18:52:52.006,12,up,164.82,True
934,2025-11-02 18:52:52.055,12,up,161.42,True
935,2025-11-02 18:52:52.105,12,up,154.57,True
936,2025-11-02 18:52:52.153,12,up,144.57,True
937,2025-11-02 18:52:52.205,12,up,134.17,True
938,2025-11-02 18:52:52.255,12,up,121.22,True
939,2025-11-02 18:52:52.302,12,up,108.08,True
940,2025-11-02 18:52:52.355,12,up,93.82,True
941,2025-11-02 18:52:52.402,12,up,81.61,True
942,2025-11-02 18:52:52.453,13,down,65.42,True
943,2025-11-02 18:52:52.506,13,down,55.36,True
944,2025-11-02 18:52:52.556,13,down,45.87,True
945,2025-11-02 18:52:52.606,13,down,37.88,True
946,2025-11-02 18:52:52.653,13,down,31.97,True
947,2025-11-02 18:52:52.709,13,down,28.20,True
948,2025-11-02 18:52:52.756,13,down,26.94,True
949,2025-11-02 18:52:52.810,13,down,27.89,True
950,2025-11-02 18:52:52.863,13,down,30.81,True
951,2025-11-02 18:52:52.913,13,down,36.24,True
952,2025-11-02 18:52:52.964,13,down,38.67,True
953,2025-11-02 18:52:53.015,13,down,49.05,True
954,2025-11-02 18:52:53.066,13,down,56.92,True
955,2025-11-02 18:52:53.112,13,down,65.98,True
956,2025-11-02 18:52:53.164,13,down,77.65,True
957,2025-11-02 18:52:53.217,13,down,87.55,True
958,2025-11-02 18:52:53.265,13,down,98.47,True
959,2025-11-02 18:52:53.316,13,down,108.39,True
960,2025-11-02 18:52:53.365,13,down,119.40,True
961,2025-11-02 18:52:53.416,13,down,127.94,True
962,2025-11-02 18:52:53.467,13,down,134.47,True
963,2025-11-02 18:52:53.515,13,down,139.02,True
964,2025-11-02 18:52:53.568,13,down,143.81,True
965,2025-11-02 18:52:53.617,13,down,148.87,True
966,2025-11-02 18:52:53.667,13,down,152.58,True
967,2025-11-02 18:52:53.715,13,down,155.63,True
968,2025-11-02 18:52:53.768,13,down,158.43,True
969,2025-11-02 18:52:53.820,13,up,160.25,True
970,2025-11-02 18:52:53.868,13,up,161.34,True
971,2025-11-02 18:52:53.920,13,up,163.00,True
972,2025-11-02 18:52:53.968,13,up,164.03,True
973,2025-11-02 18:52:54.021,13,up,164.76,True
974,2025-11-02 18:52:54.072,13,up,165.39,True
975,2025-11-02 18:52:54.120,13,up,165.89,True
976,2025-11-02 18:52:54.174,13,up,166.21,True
977,2025-11-02 18:52:54.221,13,up,166.42,True
978,2025-11-02 18:52:54.271,13,up,166.74,True
979,2025-11-02 18:52:54.320,13,up,166.96,True
980,2025-11-02 18:52:54.371,13,up,167.14,True
981,2025-11-02 18:52:54.421,13,up,167.43,True
982,2025-11-02 18:52:54.469,13,up,167.78,True
983,2025-11-02 18:52:54.520,13,up,168.04,True
984,2025-11-02 18:52:54.567,13,up,168.22,True
985,2025-11-02 18:52:54.619,13,up,168.31,True
986,2025-11-02 18:52:54.666,13,up,168.38,True
987,2025-11-02 18:52:54.719,13,up,168.60,True
988,2025-11-02 18:52:54.772,13,up,168.70,True
989,2025-11-02 18:52:54.820,13,up,168.76,True
990,2025-11-02 18:52:54.871,13,up,168.89,True
991,2025-11-02 18:52:54.918,13,up,169.07,True
992,2025-11-02 18:52:54.973,13,up,169.15,True
993,2025-11-02 18:52:55.023,13,up,169.32,True
994,2025-11-02 18:52:55.073,13,up,169.37,True
995,2025-11-02 18:52:55.124,13,up,169.43,True
996,2025-11-02 18:52:55.172,13,up,169.60,True
997,2025-11-02 18:52:55.223,13,up,169.76,True
998,2025-11-02 18:52:55.274,13,up,169.90,True
999,2025-11-02 18:52:55.325,13,up,170.05,True
1000,2025-11-02 18:52:55.379,13,up,170.14,True
1001,2025-11-02 18:52:55.427,13,up,169.37,True
1002,2025-11-02 18:52:55.480,13,up,166.09,True
1003,2025-11-02 18:52:55.528,13,up,160.67,True
1004,2025-11-02 18:52:55.581,13,up,152.96,True
1005,2025-11-02 18:52:55.633,13,up,142.58,True
1006,2025-11-02 18:52:55.678,13,up,130.09,True
1007,2025-11-02 18:52:55.729,13,up,113.74,True
1008,2025-11-02 18:52:55.776,13,up,95.17,True
1009,2025-11-02 18:52:55.829,13,up,80.59,True
1010,2025-11-02 18:52:55.876,14,down,63.87,True
1011,2025-11-02 18:52:55.929,14,down,55.57,True
1012,2025-11-02 18:52:55.980,14,down,45.79,True
1013,2025-11-02 18:52:56.028,14,down,38.63,True
1014,2025-11-02 18:52:56.081,14,down,33.76,True
1015,2025-11-02 18:52:56.128,14,down,31.40,True
1016,2025-11-02 18:52:56.180,14,down,31.70,True
1017,2025-11-02 18:52:56.227,14,down,35.70,True
1018,2025-11-02 18:52:56.281,14,down,42.41,True
1019,2025-11-02 18:52:56.332,14,down,51.34,True
1020,2025-11-02 18:52:56.380,14,down,63.33,True
1021,2025-11-02 18:52:56.434,14,down,78.76,True
1022,2025-11-02 18:52:56.481,14,down,90.14,True
1023,2025-11-02 18:52:56.532,14,down,102.44,True
1024,2025-11-02 18:52:56.585,14,down,111.25,True
1025,2025-11-02 18:52:56.632,14,down,119.21,True
1026,2025-11-02 18:52:56.686,14,down,127.54,True
1027,2025-11-02 18:52:56.731,14,down,132.90,True
1028,2025-11-02 18:52:56.785,14,down,139.61,True
1029,2025-11-02 18:52:56.831,14,down,143.50,True
1030,2025-11-02 18:52:56.884,14,down,148.95,True
1031,2025-11-02 18:52:56.935,14,down,152.61,True
1032,2025-11-02 18:52:56.981,14,down,155.94,True
1033,2025-11-02 18:52:57.035,14,down,159.18,True
1034,2025-11-02 18:52:57.084,14,up,160.48,True
1035,2025-11-02 18:52:57.136,14,up,161.34,True
1036,2025-11-02 18:52:57.188,14,up,162.43,True
1037,2025-11-02 18:52:57.234,14,up,163.71,True
1038,2025-11-02 18:52:57.288,14,up,164.62,True
1039,2025-11-02 18:52:57.336,14,up,165.27,True
1040,2025-11-02 18:52:57.389,14,up,166.29,True
1041,2025-11-02 18:52:57.436,14,up,167.22,True
1042,2025-11-02 18:52:57.488,14,up,167.95,True
1043,2025-11-02 18:52:57.541,14,up,168.37,True
1044,2025-11-02 18:52:57.588,14,up,168.66,True
1045,2025-11-02 18:52:57.639,14,up,168.92,True
1046,2025-11-02 18:52:57.688,14,up,169.00,True
1047,2025-11-02 18:52:57.741,14,up,169.04,True
1048,2025-11-02 18:52:57.789,14,up,168.94,True
1049,2025-11-02 18:52:57.841,14,up,167.51,True
1050,2025-11-02 18:52:57.893,14,up,164.71,True
1051,2025-11-02 18:52:57.942,14,up,161.69,True
1052,2025-11-02 18:52:57.996,14,up,157.83,True
1053,2025-11-02 18:52:58.046,14,up,152.33,True
1054,2025-11-02 18:52:58.098,14,up,147.21,True
1055,2025-11-02 18:52:58.150,14,up,140.97,True
1056,2025-11-02 18:52:58.195,14,up,136.56,True
1057,2025-11-02 18:52:58.245,14,up,129.46,True
1058,2025-11-02 18:52:58.293,14,up,119.93,True
1059,2025-11-02 18:52:58.344,14,up,112.21,True
1060,2025-11-02 18:52:58.394,14,up,99.14,True
1061,2025-11-02 18:52:58.445,14,up,89.75,True
1062,2025-11-02 18:52:58.498,14,up,79.11,True
1063,2025-11-02 18:52:58.542,15,down,64.44,True
1064,2025-11-02 18:52:58.595,15,down,55.92,True
1065,2025-11-02 18:52:58.645,15,down,47.46,True
1066,2025-11-02 18:52:58.697,15,down,38.79,True
1067,2025-11-02 18:52:58.746,15,down,31.97,True
1068,2025-11-02 18:52:58.798,15,down,26.37,True
1069,2025-11-02 18:52:58.847,15,down,25.04,True
1070,2025-11-02 18:52:58.895,15,down,27.64,True
1071,2025-11-02 18:52:58.947,15,down,33.66,True
1072,2025-11-02 18:52:58.994,15,down,38.74,True
1073,2025-11-02 18:52:59.047,15,down,47.40,True
1074,2025-11-02 18:52:59.101,15,down,61.64,True
1075,2025-11-02 18:52:59.150,15,down,75.16,True
1076,2025-11-02 18:52:59.203,15,down,86.75,True
1077,2025-11-02 18:52:59.251,15,down,101.10,True
1078,2025-11-02 18:52:59.302,15,down,113.53,True
1079,2025-11-02 18:52:59.351,15,down,127.80,True
1080,2025-11-02 18:52:59.404,15,down,133.66,True
1081,2025-11-02 18:52:59.458,15,down,139.83,True
1082,2025-11-02 18:52:59.503,15,down,147.15,True
1083,2025-11-02 18:52:59.558,15,down,152.25,True
1084,2025-11-02 18:52:59.604,15,down,156.53,True
1085,2025-11-02 18:52:59.656,15,up,160.19,True
1086,2025-11-02 18:52:59.707,15,up,161.99,True
1087,2025-11-02 18:52:59.757,15,up,163.23,True
1088,2025-11-02 18:52:59.808,15,up,164.16,True
1089,2025-11-02 18:52:59.857,15,up,165.87,True
1090,2025-11-02 18:52:59.907,15,up,166.69,True
1091,2025-11-02 18:52:59.957,15,up,167.38,True
1092,2025-11-02 18:53:00.007,15,up,167.65,True
1093,2025-11-02 18:53:00.061,15,up,166.99,True
1094,2025-11-02 18:53:00.107,15,up,165.70,True
1095,2025-11-02 18:53:00.159,15,up,164.64,True
1096,2025-11-02 18:53:00.207,15,up,160.99,True
1097,2025-11-02 18:53:00.260,15,up,154.95,True
1098,2025-11-02 18:53:00.313,15,up,147.96,True
1099,2025-11-02 18:53:00.360,15,up,140.32,True
1100,2025-11-02 18:53:00.412,15,up,135.24,True
1101,2025-11-02 18:53:00.459,15,up,126.85,True
1102,2025-11-02 18:53:00.511,15,up,113.59,True
1103,2025-11-02 18:53:00.560,15,up,103.11,True
1104,2025-11-02 18:53:00.612,15,up,92.85,True
1105,2025-11-02 18:53:00.664,15,up,83.37,True
1106,2025-11-02 18:53:00.712,15,up,73.41,True
1107,2025-11-02 18:53:00.763,16,down,61.52,True
1108,2025-11-02 18:53:00.811,16,down,52.09,True
1109,2025-11-02 18:53:00.863,16,down,45.21,True
1110,2025-11-02 18:53:00.911,16,down,39.80,True
1111,2025-11-02 18:53:00.964,16,down,32.26,True
1112,2025-11-02 18:53:01.016,16,down,28.24,True
1113,2025-11-02 18:53:01.064,16,down,26.01,True
1114,2025-11-02 18:53:01.116,16,down,24.95,True
1115,2025-11-02 18:53:01.164,16,down,25.53,True
1116,2025-11-02 18:53:01.216,16,down,28.05,True
1117,2025-11-02 18:53:01.268,16,down,32.49,True
1118,2025-11-02 18:53:01.315,16,down,42.97,True
1119,2025-11-02 18:53:01.369,16,down,57.47,True
1120,2025-11-02 18:53:01.415,16,down,71.07,True
1121,2025-11-02 18:53:01.470,16,down,83.53,True
1122,2025-11-02 18:53:01.517,16,down,94.70,True
1123,2025-11-02 18:53:01.567,16,down,104.63,True
1124,2025-11-02 18:53:01.619,16,down,113.14,True
1125,2025-11-02 18:53:01.667,16,down,120.72,True
1126,2025-11-02 18:53:01.720,16,down,128.13,True
1127,2025-11-02 18:53:01.767,16,down,133.25,True
1128,2025-11-02 18:53:01.820,16,down,139.25,True
1129,2025-11-02 18:53:01.870,16,down,144.27,True
1130,2025-11-02 18:53:01.917,16,down,147.67,True
1131,2025-11-02 18:53:01.967,16,down,151.26,True
1132,2025-11-02 18:53:02.015,16,down,154.21,True
1133,2025-11-02 18:53:02.065,16,down,155.43,True
1134,2025-11-02 18:53:02.113,16,down,158.04,True
1135,2025-11-02 18:53:02.166,16,down,159.82,True
1136,2025-11-02 18:53:02.219,16,up,161.85,True
1137,2025-11-02 18:53:02.266,16,up,163.67,True
1138,2025-11-02 18:53:02.319,16,up,165.22,True
1139,2025-11-02 18:53:02.366,16,up,166.68,True
1140,2025-11-02 18:53:02.417,16,up,167.89,True
1141,2025-11-02 18:53:02.466,16,up,168.53,True
1142,2025-11-02 18:53:02.519,16,up,167.86,True
1143,2025-11-02 18:53:02.570,16,up,166.96,True
1144,2025-11-02 18:53:02.617,16,up,166.35,True
1145,2025-11-02 18:53:02.671,16,up,161.84,True
1146,2025-11-02 18:53:02.720,16,up,154.21,True
1147,2025-11-02 18:53:02.774,16,up,146.59,True
1148,2025-11-02 18:53:02.826,16,up,138.22,True
1149,2025-11-02 18:53:02.875,16,up,127.75,True
1150,2025-11-02 18:53:02.928,16,up,112.30,True
1151,2025-11-02 18:53:02.976,16,up,104.25,True
1152,2025-11-02 18:53:03.030,16,up,91.35,True
1153,2025-11-02 18:53:03.076,16,up,80.59,True
1154,2025-11-02 18:53:03.128,17,down,67.31,True
1155,2025-11-02 18:53:03.180,17,down,56.86,True
1156,2025-11-02 18:53:03.228,17,down,47.57,True
1157,2025-11-02 18:53:03.279,17,down,41.54,True
1158,2025-11-02 18:53:03.328,17,down,35.11,True
1159,2025-11-02 18:53:03.380,17,down,28.56,True
1160,2025-11-02 18:53:03.432,17,down,24.89,True
1161,2025-11-02 18:53:03.481,17,down,24.17,True
1162,2025-11-02 18:53:03.531,17,down,25.86,True
1163,2025-11-02 18:53:03.579,17,down,28.96,True
1164,2025-11-02 18:53:03.631,17,down,35.35,True
1165,2025-11-02 18:53:03.681,17,down,44.11,True
1166,2025-11-02 18:53:03.732,17,down,57.86,True
1167,2025-11-02 18:53:03.784,17,down,69.17,True
1168,2025-11-02 18:53:03.831,17,down,80.87,True
1169,2025-11-02 18:53:03.881,17,down,90.39,True
1170,2025-11-02 18:53:03.927,17,down,102.09,True
1171,2025-11-02 18:53:03.980,17,down,112.14,True
1172,2025-11-02 18:53:04.026,17,down,123.17,True
1173,2025-11-02 18:53:04.079,17,down,129.84,True
1174,2025-11-02 18:53:04.130,17,down,136.57,True
1175,2025-11-02 18:53:04.178,17,down,141.70,True
1176,2025-11-02 18:53:04.230,17,down,146.58,True
1177,2025-11-02 18:53:04.278,17,down,149.62,True
1178,2025-11-02 18:53:04.330,17,down,151.95,True
1179,2025-11-02 18:53:04.382,17,down,153.60,True
1180,2025-11-02 18:53:04.430,17,down,155.10,True
1181,2025-11-02 18:53:04.483,17,down,156.50,True
1182,2025-11-02 18:53:04.529,17,down,157.12,True
1183,2025-11-02 18:53:04.583,17,down,157.46,True
1184,2025-11-02 18:53:04.629,17,down,157.17,True
1185,2025-11-02 18:53:04.683,17,down,156.46,True
1186,2025-11-02 18:53:04.739,17,down,155.78,True
1187,2025-11-02 18:53:04.787,17,down,153.20,True
1188,2025-11-02 18:53:04.841,17,down,146.16,True
1189,2025-11-02 18:53:04.888,17,down,136.17,True
1190,2025-11-02 18:53:04.939,17,down,119.23,True
1191,2025-11-02 18:53:04.993,17,down,102.48,True
1192,2025-11-02 18:53:05.040,17,down,88.68,True
1193,2025-11-02 18:53:05.092,17,down,75.19,True
1194,2025-11-02 18:53:05.140,17,down,60.68,True
1195,2025-11-02 18:53:05.192,17,down,53.01,True
1196,2025-11-02 18:53:05.239,17,down,44.68,True
1197,2025-11-02 18:53:05.291,17,down,39.16,True
1198,2025-11-02 18:53:05.344,17,down,29.75,True
1199,2025-11-02 18:53:05.391,17,down,25.01,True
1200,2025-11-02 18:53:05.443,17,down,23.55,True
1201,2025-11-02 18:53:05.493,17,down,24.31,True
1202,2025-11-02 18:53:05.543,17,down,26.76,True
1203,2025-11-02 18:53:05.592,17,down,29.88,True
1204,2025-11-02 18:53:05.642,17,down,34.38,True
1205,2025-11-02 18:53:05.697,17,down,51.74,True
1206,2025-11-02 18:53:05.743,17,down,72.51,True
1207,2025-11-02 18:53:05.795,17,down,90.23,True
1208,2025-11-02 18:53:05.844,17,down,108.00,True
1209,2025-11-02 18:53:05.896,17,down,126.32,True
1210,2025-11-02 18:53:05.948,17,down,139.73,True
1211,2025-11-02 18:53:05.995,17,down,152.54,True
1212,2025-11-02 18:53:06.047,17,up,164.77,True
1213,2025-11-02 18:53:06.096,17,up,170.01,True
1214,2025-11-02 18:53:06.148,17,up,173.76,True
1215,2025-11-02 18:53:06.199,17,up,174.97,True
1216,2025-11-02 18:53:06.248,17,up,174.80,True
1217,2025-11-02 18:53:06.300,17,up,174.32,True
1218,2025-11-02 18:53:06.348,17,up,173.47,True
1219,2025-11-02 18:53:06.400,17,up,172.21,True
1220,2025-11-02 18:53:06.450,17,up,170.54,True
1221,2025-11-02 18:53:06.499,17,up,170.46,True
1222,2025-11-02 18:53:06.551,17,up,167.57,True
1223,2025-11-02 18:53:06.600,17,up,159.14,True
1224,2025-11-02 18:53:06.652,17,up,155.83,True
1225,2025-11-02 18:53:06.699,17,up,151.02,True
1226,2025-11-02 18:53:06.751,17,up,145.05,True
1227,2025-11-02 18:53:06.800,17,up,137.00,True
1228,2025-11-02 18:53:06.852,17,up,127.35,True
1229,2025-11-02 18:53:06.904,17,up,115.72,True
1230,2025-11-02 18:53:06.951,17,up,99.92,True
1231,2025-11-02 18:53:07.005,17,up,87.05,True
1232,2025-11-02 18:53:07.052,17,up,73.61,True
1233,2025-11-02 18:53:07.105,18,down,61.34,True
1234,2025-11-02 18:53:07.153,18,down,51.76,True
1235,2025-11-02 18:53:07.206,18,down,44.31,True
1236,2025-11-02 18:53:07.255,18,down,35.71,True
1237,2025-11-02 18:53:07.304,18,down,28.23,True
1238,2025-11-02 18:53:07.355,18,down,24.13,True
1239,2025-11-02 18:53:07.401,18,down,23.44,True
1240,2025-11-02 18:53:07.452,18,down,24.38,True
1241,2025-11-02 18:53:07.516,18,down,27.11,True
1242,2025-11-02 18:53:07.551,18,down,32.52,True
1243,2025-11-02 18:53:07.602,18,down,39.87,True
1244,2025-11-02 18:53:07.649,18,down,55.10,True
1245,2025-11-02 18:53:07.702,18,down,68.82,True
1246,2025-11-02 18:53:07.750,18,down,87.13,True
1247,2025-11-02 18:53:07.804,18,down,99.74,True
1248,2025-11-02 18:53:07.856,18,down,116.09,True
1249,2025-11-02 18:53:07.905,18,down,130.23,True
1250,2025-11-02 18:53:07.956,18,down,137.97,True
1251,2025-11-02 18:53:08.002,18,down,147.74,True
1252,2025-11-02 18:53:08.055,18,down,156.64,True
1253,2025-11-02 18:53:08.107,18,up,162.71,True
1254,2025-11-02 18:53:08.155,18,up,167.94,True
1255,2025-11-02 18:53:08.209,18,up,169.04,True
1256,2025-11-02 18:53:08.257,18,up,169.08,True
1257,2025-11-02 18:53:08.308,18,up,168.59,True
1258,2025-11-02 18:53:08.353,18,up,168.06,True
1259,2025-11-02 18:53:08.407,18,up,167.74,True
1260,2025-11-02 18:53:08.460,18,up,168.08,True
1261,2025-11-02 18:53:08.509,18,up,167.78,True
1262,2025-11-02 18:53:08.562,18,up,165.71,True
1263,2025-11-02 18:53:08.608,18,up,164.71,True
1264,2025-11-02 18:53:08.659,18,up,163.00,True
1265,2025-11-02 18:53:08.705,18,up,162.66,True
1266,2025-11-02 18:53:08.760,18,up,163.98,True
1267,2025-11-02 18:53:08.812,18,up,165.49,True
1268,2025-11-02 18:53:08.861,18,up,166.46,True
1269,2025-11-02 18:53:08.913,18,up,169.17,True
1270,2025-11-02 18:53:08.960,18,up,171.07,True
1271,2025-11-02 18:53:09.013,18,up,175.40,True
1272,2025-11-02 18:53:09.065,18,up,178.04,True
1273,2025-11-02 18:53:09.112,18,up,178.85,True
1274,2025-11-02 18:53:09.165,18,up,179.91,True
1275,2025-11-02 18:53:09.212,18,up,175.57,True
1276,2025-11-02 18:53:09.265,18,up,171.21,True
1277,2025-11-02 18:53:09.314,18,up,165.39,True
1278,2025-11-02 18:53:09.364,18,up,155.63,True
1279,2025-11-02 18:53:09.416,18,up,166.25,True
1280,2025-11-02 18:53:09.465,18,up,164.82,True
1281,2025-11-02 18:53:09.516,18,up,161.85,True
1282,2025-11-02 18:53:09.563,18,up,170.29,True
1283,2025-11-02 18:53:09.617,18,up,169.90,True
1284,2025-11-02 18:53:09.668,18,up,170.92,True
1285,2025-11-02 18:53:09.717,18,up,175.06,True
1286,2025-11-02 18:53:09.768,18,up,171.59,True
1287,2025-11-02 18:53:09.816,18,up,167.10,True
1288,2025-11-02 18:53:09.869,18,up,170.82,True
1289,2025-11-02 18:53:09.917,18,up,170.21,True
1290,2025-11-02 18:53:09.969,18,up,169.63,True
1291,2025-11-02 18:53:10.020,18,up,170.50,True
1292,2025-11-02 18:53:10.069,18,up,171.69,True
1293,2025-11-02 18:53:10.121,18,up,172.53,True
1294,2025-11-02 18:53:10.168,18,up,172.86,True
1295,2025-11-02 18:53:10.220,18,up,171.61,True
1296,2025-11-02 18:53:10.268,18,up,171.49,True
1297,2025-11-02 18:53:10.320,18,up,171.63,True
1298,2025-11-02 18:53:10.371,18,up,170.91,True
1299,2025-11-02 18:53:10.420,18,up,170.62,True
1300,2025-11-02 18:53:10.471,18,up,171.44,True
1301,2025-11-02 18:53:10.518,18,up,171.50,True
1302,2025-11-02 18:53:10.570,18,up,170.92,True
1303,2025-11-02 18:53:10.624,18,up,170.96,True
1304,2025-11-02 18:53:10.672,18,up,171.43,True
1305,2025-11-02 18:53:10.724,18,up,171.55,True
1306,2025-11-02 18:53:10.770,18,up,172.23,True
1307,2025-11-02 18:53:10.826,18,up,173.07,True
1308,2025-11-02 18:53:10.873,18,up,173.36,True
1309,2025-11-02 18:53:10.924,18,up,172.88,True
1310,2025-11-02 18:53:10.976,18,up,172.55,True
1311,2025-11-02 18:53:11.024,18,up,172.40,True
1312,2025-11-02 18:53:11.077,18,up,172.34,True
1313,2025-11-02 18:53:11.125,18,up,168.43,True
1314,2025-11-02 18:53:11.174,18,up,170.18,True
1315,2025-11-02 18:53:11.225,18,up,159.85,True
1316,2025-11-02 18:53:11.274,18,up,156.97,True
1317,2025-11-02 18:53:11.326,18,up,154.64,True
1318,2025-11-02 18:53:11.373,18,up,148.61,True
1319,2025-11-02 18:53:11.430,18,up,143.79,True
1320,2025-11-02 18:53:11.475,18,up,144.62,True
1321,2025-11-02 18:53:11.527,18,up,153.66,True
1322,2025-11-02 18:53:11.579,18,up,155.75,True
1323,2025-11-02 18:53:11.625,18,up,155.76,True
1324,2025-11-02 18:53:11.680,18,up,158.99,True
1325,2025-11-02 18:53:11.725,18,up,161.27,True
1326,2025-11-02 18:53:11.777,18,up,169.29,True
1327,2025-11-02 18:53:11.828,18,up,171.21,True
1328,2025-11-02 18:53:11.878,18,up,173.83,True
1329,2025-11-02 18:53:11.930,18,up,173.67,True
1330,2025-11-02 18:53:11.978,18,up,172.96,True
1331,2025-11-02 18:53:12.032,18,up,173.73,True
1332,2025-11-02 18:53:12.079,18,up,174.69,True
1333,2025-11-02 18:53:12.134,18,up,174.48,True
1334,2025-11-02 18:53:12.186,18,up,174.78,True
1335,2025-11-02 18:53:12.236,18,up,174.62,True
1336,2025-11-02 18:53:12.287,18,up,175.22,True
1337,2025-11-02 18:53:12.336,18,up,175.74,True
1338,2025-11-02 18:53:12.391,18,up,175.59,True
1339,2025-11-02 18:53:12.437,18,up,175.65,True
1340,2025-11-02 18:53:12.489,18,up,176.11,True
1341,2025-11-02 18:53:12.539,18,up,175.67,True
1342,2025-11-02 18:53:12.587,18,up,172.67,True
1343,2025-11-02 18:53:12.640,18,up,162.45,True
1344,2025-11-02 18:53:12.687,18,up,144.12,True
1345,2025-11-02 18:53:12.739,18,up,136.21,True
1346,2025-11-02 18:53:12.792,18,up,133.40,True
1347,2025-11-02 18:53:12.839,18,up,119.59,True
1348,2025-11-02 18:53:12.892,18,up,79.99,True
1349,2025-11-02 18:53:12.940,18,up,77.28,True
1350,2025-11-02 18:53:12.993,18,up,73.09,True
1351,2025-11-02 18:53:13.040,19,down,69.21,True
1352,2025-11-02 18:53:13.091,19,down,77.81,True
1353,2025-11-02 18:53:13.145,19,down,87.65,True
1354,2025-11-02 18:53:13.191,19,down,93.49,True
1355,2025-11-02 18:53:13.244,19,down,58.87,True
1356,2025-11-02 18:53:13.291,19,down,67.30,True
1357,2025-11-02 18:53:13.346,19,down,77.58,True
1358,2025-11-02 18:53:13.391,19,down,95.63,True
1359,2025-11-02 18:53:13.444,19,down,117.22,True
1360,2025-11-02 18:53:13.494,19,down,137.30,True
1361,2025-11-02 18:53:13.539,19,down,136.61,True
1362,2025-11-02 18:53:13.589,19,down,129.69,True
1363,2025-11-02 18:53:13.637,19,down,134.37,True
1364,2025-11-02 18:53:13.689,19,down,139.08,True
1365,2025-11-02 18:53:13.742,19,down,155.58,True
1366,2025-11-02 18:53:13.790,19,up,162.70,True
1367,2025-11-02 18:53:13.841,19,up,162.07,True
1368,2025-11-02 18:53:13.889,19,up,162.09,True
1369,2025-11-02 18:53:13.942,19,up,164.51,True
1370,2025-11-02 18:53:13.990,19,up,162.42,True
1371,2025-11-02 18:53:14.042,19,up,147.83,True
1372,2025-11-02 18:53:14.093,19,up,138.53,True
1373,2025-11-02 18:53:14.142,19,up,135.75,True
1374,2025-11-02 18:53:14.194,19,up,136.06,True
1375,2025-11-02 18:53:14.243,19,up,131.10,True
1376,2025-11-02 18:53:14.294,19,up,132.98,True
1377,2025-11-02 18:53:14.342,19,up,114.80,True
1378,2025-11-02 18:53:14.395,19,up,97.14,True
1379,2025-11-02 18:53:14.447,19,up,97.74,True
1380,2025-11-02 18:53:14.496,19,up,140.44,True
1381,2025-11-02 18:53:14.546,19,up,124.34,True
1382,2025-11-02 18:53:14.595,19,up,84.21,True
1383,2025-11-02 18:53:14.646,20,down,37.94,True
1384,2025-11-02 18:53:14.699,20,down,35.77,True
1385,2025-11-02 18:53:14.748,20,down,34.27,True
1386,2025-11-02 18:53:14.799,20,down,34.60,True
1387,2025-11-02 18:53:14.848,20,down,36.07,True
1388,2025-11-02 18:53:14.902,20,down,35.51,True
1389,2025-11-02 18:53:14.948,20,down,35.59,True
1390,2025-11-02 18:53:15.001,20,down,35.74,True
1391,2025-11-02 18:53:15.053,20,down,37.47,True
1392,2025-11-02 18:53:15.103,20,down,37.84,True
1393,2025-11-02 18:53:15.154,20,down,46.80,True
1394,2025-11-02 18:53:15.203,20,down,65.36,True
1395,2025-11-02 18:53:15.255,20,down,111.28,True
1396,2025-11-02 18:53:15.306,20,down,154.46,True
1397,2025-11-02 18:53:15.354,20,down,152.18,True
1398,2025-11-02 18:53:15.405,20,down,129.15,True
1399,2025-11-02 18:53:15.453,20,down,116.00,True
1400,2025-11-02 18:53:15.505,20,down,111.77,True
1401,2025-11-02 18:53:15.552,20,down,115.99,True
1402,2025-11-02 18:53:15.604,20,down,134.25,True
1403,2025-11-02 18:53:15.657,20,down,141.79,True
1404,2025-11-02 18:53:15.703,20,down,137.26,True
1405,2025-11-02 18:53:15.758,20,down,135.82,True
1406,2025-11-02 18:53:15.805,20,down,136.32,True
1407,2025-11-02 18:53:15.857,20,down,131.77,True
1408,2025-11-02 18:53:15.908,20,down,132.23,True
1409,2025-11-02 18:53:15.956,20,down,132.65,True
1410,2025-11-02 18:53:16.007,20,down,134.44,True
1411,2025-11-02 18:53:16.057,20,down,139.46,True
1412,2025-11-02 18:53:16.109,20,down,150.02,True
1413,2025-11-02 18:53:16.156,20,up,160.23,True
1414,2025-11-02 18:53:16.208,20,up,162.87,True
1415,2025-11-02 18:53:16.259,20,up,165.98,True
1416,2025-11-02 18:53:16.308,20,up,166.35,True
1417,2025-11-02 18:53:16.360,20,up,166.05,True
1418,2025-11-02 18:53:16.407,20,up,165.26,True
1419,2025-11-02 18:53:16.460,20,up,164.51,True
1420,2025-11-02 18:53:16.508,20,up,164.09,True
1421,2025-11-02 18:53:16.560,20,up,163.92,True
1422,2025-11-02 18:53:16.612,20,up,163.61,True
1423,2025-11-02 18:53:16.660,20,up,161.21,True
1424,2025-11-02 18:53:16.712,20,up,161.41,True
1425,2025-11-02 18:53:16.760,20,up,160.88,True
1426,2025-11-02 18:53:16.813,20,up,160.85,True
1427,2025-11-02 18:53:16.863,20,up,160.40,True
1428,2025-11-02 18:53:16.913,20,up,160.26,True
1429,2025-11-02 18:53:16.964,20,up,158.29,True
1430,2025-11-02 18:53:17.012,20,up,158.04,True
1431,2025-11-02 18:53:17.065,20,up,156.18,True
1432,2025-11-02 18:53:17.111,20,up,157.63,True
1433,2025-11-02 18:53:17.164,20,up,158.06,True
1434,2025-11-02 18:53:17.216,20,up,160.88,True
1435,2025-11-02 18:53:17.264,20,up,161.64,True
1436,2025-11-02 18:53:17.316,20,up,163.35,True
1437,2025-11-02 18:53:17.363,20,up,163.77,True
1438,2025-11-02 18:53:17.417,20,up,165.84,True
1439,2025-11-02 18:53:17.470,20,up,165.42,True
1440,2025-11-02 18:53:17.515,20,up,164.84,True
1441,2025-11-02 18:53:17.568,20,up,165.45,True
1442,2025-11-02 18:53:17.616,20,up,164.17,True
1443,2025-11-02 18:53:17.668,20,up,163.96,True
1444,2025-11-02 18:53:17.716,20,up,162.47,True
1445,2025-11-02 18:53:17.770,20,up,161.53,True
1446,2025-11-02 18:53:17.822,20,up,161.35,True
1447,2025-11-02 18:53:17.869,20,up,162.82,True
1448,2025-11-02 18:53:17.921,20,up,164.26,True
1449,2025-11-02 18:53:17.968,20,up,165.91,True
1450,2025-11-02 18:53:18.022,20,up,164.49,True
1451,2025-11-02 18:53:18.065,20,up,171.93,True
1452,2025-11-02 18:53:18.118,20,up,175.12,True
1453,2025-11-02 18:53:18.171,20,up,176.98,True
1454,2025-11-02 18:53:18.220,20,up,173.29,True
1455,2025-11-02 18:53:18.272,20,up,171.44,True
1456,2025-11-02 18:53:18.320,20,up,170.12,True
1457,2025-11-02 18:53:18.373,20,up,169.16,True
1458,2025-11-02 18:53:18.424,20,up,169.05,True
1459,2025-11-02 18:53:18.472,20,up,168.45,True
1460,2025-11-02 18:53:18.524,20,up,169.53,True
1461,2025-11-02 18:53:18.572,20,up,170.94,True
1462,2025-11-02 18:53:18.625,20,up,170.40,True
1463,2025-11-02 18:53:18.673,20,up,169.96,True
1464,2025-11-02 18:53:18.724,20,up,165.92,True
1465,2025-11-02 18:53:18.775,20,up,164.25,True
1466,2025-11-02 18:53:18.825,20,up,162.33,True
1467,2025-11-02 18:53:18.878,20,up,162.13,True
1468,2025-11-02 18:53:18.925,20,up,162.01,True
1469,2025-11-02 18:53:18.974,20,up,162.00,True
1470,2025-11-02 18:53:19.024,20,up,162.47,True
1471,2025-11-02 18:53:19.076,20,up,163.27,True
1472,2025-11-02 18:53:19.128,20,up,163.61,True
1473,2025-11-02 18:53:19.177,20,up,163.77,True
1474,2025-11-02 18:53:19.229,20,up,163.47,True
1475,2025-11-02 18:53:19.276,20,up,161.37,True
1476,2025-11-02 18:53:19.329,20,up,158.42,True
1477,2025-11-02 18:53:19.382,20,up,156.66,True
1478,2025-11-02 18:53:19.429,20,up,155.77,True
1479,2025-11-02 18:53:19.480,20,up,153.90,True
1480,2025-11-02 18:53:19.528,20,up,154.18,True
1481,2025-11-02 18:53:19.579,20,up,152.67,True
1482,2025-11-02 18:53:19.629,20,up,154.63,True
1483,2025-11-02 18:53:19.681,20,up,157.32,True
1484,2025-11-02 18:53:19.732,20,up,158.77,True
1485,2025-11-02 18:53:19.779,20,up,157.17,True
1486,2025-11-02 18:53:19.832,20,up,171.85,True
1487,2025-11-02 18:53:19.879,20,up,177.03,True
1488,2025-11-02 18:53:19.932,20,up,175.74,True
1489,2025-11-02 18:53:19.984,20,up,177.84,True
1490,2025-11-02 18:53:20.033,20,up,174.31,True
1491,2025-11-02 18:53:20.085,20,up,173.33,True
1492,2025-11-02 18:53:20.134,20,up,171.89,True
1493,2025-11-02 18:53:20.184,20,up,171.99,True
1494,2025-11-02 18:53:20.233,20,up,171.48,True
1495,2025-11-02 18:53:20.285,20,up,171.56,True
1496,2025-11-02 18:53:20.337,20,up,172.16,True
1497,2025-11-02 18:53:20.384,20,up,172.99,True
1498,2025-11-02 18:53:20.436,20,up,174.28,True
1499,2025-11-02 18:53:20.484,20,up,175.20,True
1500,2025-11-02 18:53:20.537,20,up,175.46,True
1501,2025-11-02 18:53:20.582,20,up,175.45,True
1502,2025-11-02 18:53:20.636,20,up,175.52,True
1503,2025-11-02 18:53:20.689,20,up,175.13,True
1504,2025-11-02 18:53:20.736,20,up,175.57,True
1505,2025-11-02 18:53:20.788,20,up,175.06,True
1506,2025-11-02 18:53:20.836,20,up,174.14,True
1507,2025-11-02 18:53:20.889,20,up,173.61,True
1508,2025-11-02 18:53:20.940,20,up,174.01,True
1509,2025-11-02 18:53:20.985,20,up,172.62,True
1510,2025-11-02 18:53:21.040,20,up,172.45,True
1511,2025-11-02 18:53:21.086,20,up,172.43,True
1512,2025-11-02 18:53:21.140,20,up,172.89,True
1513,2025-11-02 18:53:21.185,20,up,173.50,True
1514,2025-11-02 18:53:21.238,20,up,173.90,True
1515,2025-11-02 18:53:21.292,20,up,173.89,True
1516,2025-11-02 18:53:21.338,20,up,174.08,True
1517,2025-11-02 18:53:21.391,20,up,174.25,True
1518,2025-11-02 18:53:21.440,20,up,173.78,True
1519,2025-11-02 18:53:21.492,20,up,173.59,True
1520,2025-11-02 18:53:21.545,20,up,173.89,True
1521,2025-11-02 18:53:21.593,20,up,173.53,True
1522,2025-11-02 18:53:21.642,20,up,173.38,True
1523,2025-11-02 18:53:21.690,20,up,173.26,True
1524,2025-11-02 18:53:21.743,20,up,173.35,True
1525,2025-11-02 18:53:21.794,20,up,173.25,True
1526,2025-11-02 18:53:21.849,20,up,173.31,True
1527,2025-11-02 18:53:21.901,20,up,173.49,True
1528,2025-11-02 18:53:21.947,20,up,173.65,True
1529,2025-11-02 18:53:21.999,20,up,173.70,True
1530,2025-11-02 18:53:22.048,20,up,173.63,True
1531,2025-11-02 18:53:22.099,20,up,173.57,True
1532,2025-11-02 18:53:22.148,20,up,173.73,True
1533,2025-11-02 18:53:22.199,20,up,173.87,True
1534,2025-11-02 18:53:22.253,20,up,174.04,True
1535,2025-11-02 18:53:22.303,20,up,174.20,True
1536,2025-11-02 18:53:22.352,20,up,174.21,True
1537,2025-11-02 18:53:22.400,20,up,174.14,True
1538,2025-11-02 18:53:22.451,20,up,174.24,True
1539,2025-11-02 18:53:22.504,20,up,174.34,True
1540,2025-11-02 18:53:22.552,20,up,174.33,True
1541,2025-11-02 18:53:22.604,20,up,173.88,True
1542,2025-11-02 18:53:22.652,20,up,173.42,True
1543,2025-11-02 18:53:22.704,20,up,173.33,True
1544,2025-11-02 18:53:22.751,20,up,173.30,True
1545,2025-11-02 18:53:22.803,20,up,173.04,True
1546,2025-11-02 18:53:22.856,20,up,173.05,True
1547,2025-11-02 18:53:22.906,20,up,173.38,True
1548,2025-11-02 18:53:22.956,20,up,173.68,True
1549,2025-11-02 18:53:23.004,20,up,173.85,True
1550,2025-11-02 18:53:23.057,20,up,173.92,True
1551,2025-11-02 18:53:23.108,20,up,174.01,True
1552,2025-11-02 18:53:23.154,20,up,174.14,True
1553,2025-11-02 18:53:23.209,20,up,174.32,True
1554,2025-11-02 18:53:23.258,20,up,174.72,True
1555,2025-11-02 18:53:23.309,20,up,175.26,True
1556,2025-11-02 18:53:23.355,20,up,175.11,True
1557,2025-11-02 18:53:23.409,20,up,174.95,True
1558,2025-11-02 18:53:23.460,20,up,175.14,True
1559,2025-11-02 18:53:23.507,20,up,174.99,True
1560,2025-11-02 18:53:23.559,20,up,174.87,True
1561,2025-11-02 18:53:23.607,20,up,175.26,True
1562,2025-11-02 18:53:23.658,20,up,175.28,True
1563,2025-11-02 18:53:23.709,20,up,175.48,True
1564,2025-11-02 18:53:23.759,20,up,175.34,True
1565,2025-11-02 18:53:23.810,20,up,174.82,True
1566,2025-11-02 18:53:23.855,20,up,173.69,True
1567,2025-11-02 18:53:23.906,20,up,173.55,True
1568,2025-11-02 18:53:23.955,20,up,173.45,True
1569,2025-11-02 18:53:24.007,20,up,173.42,True
1570,2025-11-02 18:53:24.060,20,up,173.47,True
1571,2025-11-02 18:53:24.106,20,up,173.49,True
1572,2025-11-02 18:53:24.158,20,up,173.54,True
1573,2025-11-02 18:53:24.208,20,up,173.82,True
1574,2025-11-02 18:53:24.258,20,up,174.61,True
1575,2025-11-02 18:53:24.307,20,up,174.88,True
1576,2025-11-02 18:53:24.358,20,up,175.14,True
1577,2025-11-02 18:53:24.411,20,up,175.62,True
1578,2025-11-02 18:53:24.458,20,up,175.73,True
1579,2025-11-02 18:53:24.511,20,up,175.75,True
1580,2025-11-02 18:53:24.561,20,up,175.29,True
1581,2025-11-02 18:53:24.615,20,up,175.23,True
1582,2025-11-02 18:53:24.667,20,up,175.21,True
1583,2025-11-02 18:53:24.715,20,up,175.20,True
1584,2025-11-02 18:53:24.768,20,up,175.33,True
1585,2025-11-02 18:53:24.816,20,up,175.05,True
1586,2025-11-02 18:53:24.867,20,up,175.00,True
1587,2025-11-02 18:53:24.915,20,up,174.91,True
1588,2025-11-02 18:53:24.968,20,up,174.98,True
1589,2025-11-02 18:53:25.022,20,up,175.13,True
1590,2025-11-02 18:53:25.068,20,up,175.24,True
1591,2025-11-02 18:53:25.119,20,up,175.28,True
1592,2025-11-02 18:53:25.170,20,up,175.38,True
1593,2025-11-02 18:53:25.224,20,up,175.60,True
1594,2025-11-02 18:53:25.268,20,up,175.79,True
1595,2025-11-02 18:53:25.321,20,up,175.93,True
1596,2025-11-02 18:53:25.372,20,up,176.75,True
1597,2025-11-02 18:53:25.420,20,up,177.29,True
1598,2025-11-02 18:53:25.472,20,up,177.71,True
1599,2025-11-02 18:53:25.519,20,up,177.71,True
1600,2025-11-02 18:53:25.570,20,up,177.62,True
1601,2025-11-02 18:53:25.622,20,up,177.65,True
1602,2025-11-02 18:53:25.671,20,up,177.20,True
1603,2025-11-02 18:53:25.723,20,up,176.08,True
1604,2025-11-02 18:53:25.772,20,up,175.61,True
1605,2025-11-02 18:53:25.825,20,up,173.71,True
1606,2025-11-02 18:53:25.872,20,up,172.53,True
1607,2025-11-02 18:53:25.923,20,up,173.12,True
1608,2025-11-02 18:53:25.976,20,up,173.76,True
1609,2025-11-02 18:53:26.024,20,up,174.16,True
1610,2025-11-02 18:53:26.073,20,up,174.61,True
1611,2025-11-02 18:53:26.120,20,up,173.90,True
1612,2025-11-02 18:53:26.169,20,up,173.35,True
1613,2025-11-02 18:53:26.224,20,up,171.89,True
1614,2025-11-02 18:53:26.270,20,up,169.60,True
1615,2025-11-02 18:53:26.322,20,up,166.46,True
1616,2025-11-02 18:53:26.370,20,up,165.13,True
1617,2025-11-02 18:53:26.422,20,up,154.86,True
1618,2025-11-02 18:53:26.470,21,down,11.36,True
1619,2025-11-02 18:53:26.522,21,down,9.42,True
1620,2025-11-02 18:53:26.575,21,down,9.14,True
1621,2025-11-02 18:53:26.622,21,down,7.61,True
1622,2025-11-02 18:53:26.674,21,down,6.99,True
1623,2025-11-02 18:53:26.723,21,down,6.82,True
1624,2025-11-02 18:53:26.777,21,down,6.60,True
1625,2025-11-02 18:53:26.825,21,down,6.44,True
1626,2025-11-02 18:53:26.876,21,down,11.29,True
1627,2025-11-02 18:53:26.928,21,down,9.57,True
1628,2025-11-02 18:53:26.980,21,up,177.55,True
1629,2025-11-02 18:53:27.026,21,up,173.99,True
1630,2025-11-02 18:53:27.074,21,up,170.06,True
1631,2025-11-02 18:53:27.127,21,up,171.05,True
1632,2025-11-02 18:53:27.181,21,up,171.57,True
1633,2025-11-02 18:53:27.228,21,up,171.42,True
1634,2025-11-02 18:53:27.281,21,up,171.47,True
1635,2025-11-02 18:53:27.328,21,up,171.33,True
1636,2025-11-02 18:53:27.380,21,up,171.25,True
1637,2025-11-02 18:53:27.429,21,up,171.18,True
1638,2025-11-02 18:53:27.480,21,up,170.98,True
1639,2025-11-02 18:53:27.534,21,up,170.94,True
1640,2025-11-02 18:53:27.581,21,up,171.10,True
1641,2025-11-02 18:53:27.632,21,up,170.66,True
1642,2025-11-02 18:53:27.680,21,up,169.84,True
1643,2025-11-02 18:53:27.732,21,up,169.01,True
1644,2025-11-02 18:53:27.784,21,up,165.35,True
1645,2025-11-02 18:53:27.832,21,up,160.68,True
1646,2025-11-02 18:53:27.884,21,up,149.47,True
1647,2025-11-02 18:53:27.932,21,up,160.51,True
1648,2025-11-02 18:53:27.984,22,down,54.96,True
1649,2025-11-02 18:53:28.032,22,down,14.08,True
1650,2025-11-02 18:53:28.084,22,down,1.71,True
1651,2025-11-02 18:53:28.136,22,down,8.83,True
1652,2025-11-02 18:53:28.184,22,down,8.92,True
1653,2025-11-02 18:53:28.233,22,down,8.76,True
1654,2025-11-02 18:53:28.280,22,down,9.09,True
1655,2025-11-02 18:53:28.335,22,down,9.26,True
1656,2025-11-02 18:53:28.385,22,down,9.55,True
1657,2025-11-02 18:53:28.435,22,down,12.25,True
1658,2025-11-02 18:53:28.488,22,down,5.32,True
1659,2025-11-02 18:53:28.536,22,down,28.86,True
1660,2025-11-02 18:53:28.588,22,down,54.13,True
1661,2025-11-02 18:53:28.636,22,up,173.63,True
1662,2025-11-02 18:53:28.686,22,up,167.29,True
1663,2025-11-02 18:53:28.738,22,up,165.47,True
1664,2025-11-02 18:53:28.787,22,up,166.59,True
1665,2025-11-02 18:53:28.841,22,up,166.06,True
1666,2025-11-02 18:53:28.887,22,up,166.89,True
1667,2025-11-02 18:53:28.939,22,up,166.93,True
1668,2025-11-02 18:53:28.986,22,up,167.69,True
1669,2025-11-02 18:53:29.038,22,up,168.07,True
1670,2025-11-02 18:53:29.091,22,up,168.29,True
1671,2025-11-02 18:53:29.138,22,up,168.46,True
1672,2025-11-02 18:53:29.189,22,up,168.52,True
1673,2025-11-02 18:53:29.238,22,up,168.47,True
1674,2025-11-02 18:53:29.290,22,up,168.57,True
1675,2025-11-02 18:53:29.344,22,up,168.36,True
1676,2025-11-02 18:53:29.391,22,up,167.89,True
1677,2025-11-02 18:53:29.443,22,up,166.57,True
1678,2025-11-02 18:53:29.490,22,up,164.39,True
1679,2025-11-02 18:53:29.542,22,up,158.66,True
1680,2025-11-02 18:53:29.590,22,up,152.08,True
1681,2025-11-02 18:53:29.642,22,up,143.03,True
1682,2025-11-02 18:53:29.694,22,up,128.19,True
1683,2025-11-02 18:53:29.743,22,up,169.89,True
1684,2025-11-02 18:53:29.794,22,up,147.02,True
1685,2025-11-02 18:53:29.841,23,down,64.76,True
1686,2025-11-02 18:53:29.894,23,down,5.79,True
1687,2025-11-02 18:53:29.943,23,down,7.48,True
1688,2025-11-02 18:53:29.994,23,down,7.90,True
1689,2025-11-02 18:53:30.047,23,down,11.10,True
1690,2025-11-02 18:53:30.094,23,down,15.94,True
1691,2025-11-02 18:53:30.148,23,down,27.34,True
1692,2025-11-02 18:53:30.197,23,down,40.41,True
1693,2025-11-02 18:53:30.246,23,down,135.61,True
1694,2025-11-02 18:53:30.298,23,down,159.36,True
1695,2025-11-02 18:53:30.347,23,up,165.64,True
1696,2025-11-02 18:53:30.400,23,up,170.99,True
1697,2025-11-02 18:53:30.447,23,up,175.31,True
1698,2025-11-02 18:53:30.501,23,up,177.99,True
1699,2025-11-02 18:53:30.549,23,up,179.18,True
1700,2025-11-02 18:53:30.602,23,up,177.75,True
1701,2025-11-02 18:53:30.655,23,up,177.14,True
1702,2025-11-02 18:53:30.701,23,up,176.90,True
1703,2025-11-02 18:53:30.753,23,up,177.08,True
1704,2025-11-02 18:53:30.801,23,up,176.84,True
1705,2025-11-02 18:53:30.852,23,up,177.23,True
1706,2025-11-02 18:53:30.905,23,up,177.11,True
1707,2025-11-02 18:53:30.954,23,up,176.80,True
1708,2025-11-02 18:53:31.004,23,up,177.10,True
1709,2025-11-02 18:53:31.053,23,up,177.38,True
1710,2025-11-02 18:53:31.104,23,up,177.32,True
1711,2025-11-02 18:53:31.154,23,up,178.07,True
1712,2025-11-02 18:53:31.205,23,up,178.81,True
1713,2025-11-02 18:53:31.258,23,up,179.15,True
1714,2025-11-02 18:53:31.304,23,up,179.23,True
1715,2025-11-02 18:53:31.356,23,up,179.30,True
1716,2025-11-02 18:53:31.405,23,up,179.20,True
1717,2025-11-02 18:53:31.456,23,up,179.14,True
1718,2025-11-02 18:53:31.503,23,up,179.51,True
1719,2025-11-02 18:53:31.554,23,up,179.60,True
1720,2025-11-02 18:53:31.606,23,up,179.16,True
1721,2025-11-02 18:53:31.654,23,up,178.94,True
1722,2025-11-02 18:53:31.705,23,up,178.76,True
1723,2025-11-02 18:53:31.754,23,up,178.47,True
1724,2025-11-02 18:53:31.806,23,up,178.56,True
1725,2025-11-02 18:53:31.859,23,up,178.02,True
1726,2025-11-02 18:53:31.909,23,up,178.19,True
1727,2025-11-02 18:53:31.961,23,up,177.29,True
1728,2025-11-02 18:53:32.008,23,up,176.88,True
1729,2025-11-02 18:53:32.061,23,up,176.39,True
1730,2025-11-02 18:53:32.110,23,up,176.32,True
1731,2025-11-02 18:53:32.164,23,up,176.56,True
1732,2025-11-02 18:53:32.215,23,up,177.00,True
1733,2025-11-02 18:53:32.262,23,up,176.50,True
1734,2025-11-02 18:53:32.315,23,up,176.24,True
1735,2025-11-02 18:53:32.363,23,up,175.90,True
1736,2025-11-02 18:53:32.414,23,up,174.16,True
1737,2025-11-02 18:53:32.465,23,up,174.84,True
1738,2025-11-02 18:53:32.514,23,up,174.02,True
1739,2025-11-02 18:53:32.565,23,up,176.98,True
1740,2025-11-02 18:53:32.613,24,down,22.05,True
1741,2025-11-02 18:53:32.664,24,down,1.77,True
1742,2025-11-02 18:53:32.711,24,down,5.35,True
1743,2025-11-02 18:53:32.763,24,down,2.48,True
1744,2025-11-02 18:53:32.815,24,down,1.88,True
1745,2025-11-02 18:53:32.864,24,down,1.03,True
1746,2025-11-02 18:53:32.918,24,down,0.94,True
1747,2025-11-02 18:53:32.966,24,down,3.93,True
1748,2025-11-02 18:53:33.016,24,down,1.74,True
1749,2025-11-02 18:53:33.065,24,down,8.74,True
1750,2025-11-02 18:53:33.114,24,down,19.97,True
1751,2025-11-02 18:53:33.168,24,up,166.14,True
1752,2025-11-02 18:53:33.216,24,up,173.19,True
1753,2025-11-02 18:53:33.269,24,up,176.36,True
1754,2025-11-02 18:53:33.316,24,up,178.83,True
1755,2025-11-02 18:53:33.370,24,up,179.07,True
1756,2025-11-02 18:53:33.421,24,up,178.97,True
1757,2025-11-02 18:53:33.468,24,up,179.25,True
1758,2025-11-02 18:53:33.520,24,up,179.33,True
1759,2025-11-02 18:53:33.568,24,up,179.97,True
1760,2025-11-02 18:53:33.618,24,up,179.79,True
1761,2025-11-02 18:53:33.668,24,up,179.53,True
1762,2025-11-02 18:53:33.721,24,up,178.74,True
1763,2025-11-02 18:53:33.770,24,up,178.08,True
1764,2025-11-02 18:53:33.818,24,up,178.15,True
1765,2025-11-02 18:53:33.872,24,up,178.42,True
1766,2025-11-02 18:53:33.919,24,up,178.32,True
1767,2025-11-02 18:53:33.974,24,up,177.59,True
1768,2025-11-02 18:53:34.024,24,up,176.73,True
1769,2025-11-02 18:53:34.072,24,up,177.57,True
1770,2025-11-02 18:53:34.125,24,up,179.99,True
1771,2025-11-02 18:53:34.173,24,up,178.42,True
1772,2025-11-02 18:53:34.224,24,up,177.02,True
1773,2025-11-02 18:53:34.271,24,up,177.12,True
1774,2025-11-02 18:53:34.324,24,up,174.61,True
1775,2025-11-02 18:53:34.376,24,up,172.37,True
1776,2025-11-02 18:53:34.424,24,up,170.57,True
1777,2025-11-02 18:53:34.476,24,up,168.86,True
1778,2025-11-02 18:53:34.524,24,up,168.42,True
1779,2025-11-02 18:53:34.577,24,up,167.99,True
1780,2025-11-02 18:53:34.624,24,up,167.57,True
1781,2025-11-02 18:53:34.675,24,up,165.98,True
1782,2025-11-02 18:53:34.731,24,up,162.64,True
1783,2025-11-02 18:53:34.777,24,up,160.42,True
1784,2025-11-02 18:53:34.828,24,up,160.35,True
1785,2025-11-02 18:53:34.877,24,up,159.63,True
1786,2025-11-02 18:53:34.928,24,up,161.24,True
1787,2025-11-02 18:53:34.981,24,up,160.37,True
1788,2025-11-02 18:53:35.028,24,up,165.00,True
1789,2025-11-02 18:53:35.082,24,up,164.81,True
1790,2025-11-02 18:53:35.128,24,up,163.24,True
1791,2025-11-02 18:53:35.182,24,up,165.16,True
1792,2025-11-02 18:53:35.228,24,up,167.70,True
1793,2025-11-02 18:53:35.279,24,up,170.58,True
1794,2025-11-02 18:53:35.333,24,up,174.83,True
1795,2025-11-02 18:53:35.379,24,up,179.10,True
1796,2025-11-02 18:53:35.432,24,up,178.25,True
1797,2025-11-02 18:53:35.481,24,up,178.14,True
1798,2025-11-02 18:53:35.533,24,up,179.37,True
1799,2025-11-02 18:53:35.582,24,up,177.65,True
1800,2025-11-02 18:53:35.630,24,up,177.36,True
1801,2025-11-02 18:53:35.683,24,up,178.38,True
1802,2025-11-02 18:53:35.730,24,up,179.56,True
1803,2025-11-02 18:53:35.781,24,up,179.90,True
1804,2025-11-02 18:53:35.830,24,up,178.22,True
1805,2025-11-02 18:53:35.882,24,up,172.85,True
1806,2025-11-02 18:53:35.934,24,up,169.91,True
1807,2025-11-02 18:53:35.981,24,up,169.86,True
1808,2025-11-02 18:53:36.035,24,up,167.10,True
1809,2025-11-02 18:53:36.082,24,up,166.65,True
1810,2025-11-02 18:53:36.134,24,up,167.08,True
1811,2025-11-02 18:53:36.183,24,up,166.24,True
1812,2025-11-02 18:53:36.235,24,up,165.44,True
1813,2025-11-02 18:53:36.290,24,up,164.58,True
1814,2025-11-02 18:53:36.338,24,up,166.15,True
1815,2025-11-02 18:53:36.390,24,up,166.24,True
1816,2025-11-02 18:53:36.438,24,up,166.04,True
1817,2025-11-02 18:53:36.492,24,up,165.60,True
1818,2025-11-02 18:53:36.543,24,up,165.75,True
1819,2025-11-02 18:53:36.591,24,up,165.96,True
1820,2025-11-02 18:53:36.646,24,up,165.84,True
1821,2025-11-02 18:53:36.690,24,up,165.34,True
1822,2025-11-02 18:53:36.745,24,up,164.62,True
1823,2025-11-02 18:53:36.792,24,up,164.86,True
1824,2025-11-02 18:53:36.844,24,up,164.45,True
1825,2025-11-02 18:53:36.895,24,up,162.59,True
1826,2025-11-02 18:53:36.942,24,up,161.69,True
1827,2025-11-02 18:53:36.996,24,up,158.23,True
1828,2025-11-02 18:53:37.045,24,up,157.42,True
1829,2025-11-02 18:53:37.097,24,up,156.55,True
1830,2025-11-02 18:53:37.147,24,up,157.67,True
1831,2025-11-02 18:53:37.196,24,up,155.34,True
1832,2025-11-02 18:53:37.248,24,up,155.95,True
1833,2025-11-02 18:53:37.295,24,up,159.44,True
1834,2025-11-02 18:53:37.348,24,up,159.03,True
1835,2025-11-02 18:53:37.396,24,up,159.00,True
1836,2025-11-02 18:53:37.447,24,up,158.29,True
1837,2025-11-02 18:53:37.500,24,up,158.74,True
1838,2025-11-02 18:53:37.547,24,up,161.87,True
1839,2025-11-02 18:53:37.599,24,up,162.78,True
1840,2025-11-02 18:53:37.649,24,up,165.27,True
1841,2025-11-02 18:53:37.700,24,up,166.44,True
1842,2025-11-02 18:53:37.748,24,up,167.43,True
1843,2025-11-02 18:53:37.800,24,up,164.88,True
1844,2025-11-02 18:53:37.851,24,up,163.90,True
1845,2025-11-02 18:53:37.901,24,up,164.78,True
1846,2025-11-02 18:53:37.951,24,up,164.10,True
1847,2025-11-02 18:53:37.998,24,up,163.57,True
1848,2025-11-02 18:53:38.051,24,up,163.19,True
1849,2025-11-02 18:53:38.100,24,up,162.75,True
1850,2025-11-02 18:53:38.148,24,up,164.68,True
1851,2025-11-02 18:53:38.199,24,up,166.36,True
1852,2025-11-02 18:53:38.246,24,up,165.96,True
1853,2025-11-02 18:53:38.301,24,up,166.65,True
1854,2025-11-02 18:53:38.345,24,up,166.88,True
1855,2025-11-02 18:53:38.398,24,up,168.19,True
1856,2025-11-02 18:53:38.452,24,up,168.39,True
1857,2025-11-02 18:53:38.500,24,up,168.58,True
1858,2025-11-02 18:53:38.551,24,up,168.98,True
1859,2025-11-02 18:53:38.601,24,up,169.25,True
1860,2025-11-02 18:53:38.653,24,up,168.92,True
1861,2025-11-02 18:53:38.709,24,up,167.63,True
1862,2025-11-02 18:53:38.753,24,up,166.52,True
1863,2025-11-02 18:53:38.805,24,up,166.51,True
1864,2025-11-02 18:53:38.854,24,up,166.66,True
1865,2025-11-02 18:53:38.904,24,up,166.34,True
1866,2025-11-02 18:53:38.953,24,up,165.70,True
1867,2025-11-02 18:53:39.005,24,up,165.07,True
1868,2025-11-02 18:53:39.056,24,up,164.80,True
1869,2025-11-02 18:53:39.105,24,up,165.57,True
1870,2025-11-02 18:53:39.157,24,up,166.57,True
1871,2025-11-02 18:53:39.204,24,up,166.97,True
1872,2025-11-02 18:53:39.256,24,up,168.50,True
1873,2025-11-02 18:53:39.304,24,up,169.88,True
1874,2025-11-02 18:53:39.359,24,up,171.30,True
1875,2025-11-02 18:53:39.408,24,up,171.76,True
1876,2025-11-02 18:53:39.457,24,up,170.97,True
1877,2025-11-02 18:53:39.512,24,up,170.30,True
1878,2025-11-02 18:53:39.557,24,up,170.48,True
1879,2025-11-02 18:53:39.608,24,up,170.84,True
1880,2025-11-02 18:53:39.661,24,up,169.73,True
1881,2025-11-02 18:53:39.708,24,up,169.08,True
1882,2025-11-02 18:53:39.760,24,up,168.99,True
